occupation_code,ai_exposure,occupation_name,employment_2023_x,employment_2023_y,weekly_pay,adverts,education_required,employment_growth,log_pay,log_employment,advert_intensity,skill,ai_skill_interaction,ai_exposure_z,pay_z,employment_z,advert_intensity_z,exposure_quantile,bls_outlook
11-1011,1.334246,Chief Executives,211230.0,211230.0,206680.0,22.2,Bachelor's degree,0.0,12.238926982401122,12.260702866181289,0.0001050987075699,4.0,5.336984,1.341185325115709,4.717678562225494,0.0741296341346289,-0.0754357371250441,High,Faster than average
11-1021,0.5748773,General and Operations Managers,3507810.0,3507810.0,101280.0,308.7,Bachelor's degree,0.0,11.525644237378003,15.07050246909178,8.800362619412111e-05,4.0,2.2995092,0.5880444925391963,1.219104802381093,8.003064708421832,-0.1038295169665881,Upper-middle,
11-2011,1.294387,Advertising and Promotions Managers,20630.0,20630.0,131870.0,2.1,Bachelor's degree,0.0,11.789571867801746,9.934501606065297,0.0001017935046049,4.0,5.177548,1.3016532237192897,2.234487831922272,-0.3843015354893878,-0.0809254568436425,High,Faster than average
11-2021,1.315032,Marketing Managers,368940.0,368940.0,157620.0,34.3,Bachelor's degree,0.0,11.96794235190764,12.81838930817557,9.296904645741854e-05,4.0,5.260128,1.3221289063337325,3.0892152922258136,0.4534537671955086,-0.0955822880311251,High,Faster than average
11-2022,1.26628,Sales Managers,575880.0,575880.0,135160.0,49.0,Bachelor's degree,0.0,11.814214540828226,13.26365458464029,8.508717093838994e-05,4.0,5.06512,1.2737767397646202,2.3436937870445496,0.9511859090737564,-0.1086735528988207,High,Faster than average
11-3021,1.059853,Computer and Information Systems Managers,592600.0,592600.0,169510.0,55.6,Bachelor's degree,0.0,12.040667201112532,13.292274914121602,9.382382720215996e-05,4.0,4.239412,1.0690427249885677,3.48388362243976,0.991400857426923,-0.0941625547320898,High,Little or no change
11-3031,1.446232,Financial Managers,787340.0,787340.0,156100.0,74.6,Bachelor's degree,0.0,11.958252106503524,13.576415454435995,9.474940940381536e-05,4.0,5.784928,1.4522528859421078,3.0387614770933324,1.459789556128817,-0.0926252249773325,High,Faster than average
11-3051,0.5086878,Industrial Production Managers,222890.0,222890.0,116970.0,17.1,Bachelor's degree,0.0,11.669672770644752,12.314433655200238,7.671945802862399e-05,4.0,2.0347512,0.5223978374455335,1.7399076704262415,0.1021742691703898,-0.1225717609806559,Upper-middle,Slower than average
11-3061,1.423426,Purchasing Managers,77530.0,77530.0,136380.0,6.4,Bachelor's degree,0.0,11.823200386074644,11.258420237213004,8.254869082935638e-05,4.0,5.693704,1.429633926498902,2.3841896123482518,-0.2474456406750827,-0.1128897975462408,High,Faster than average
11-3071,0.8907923,"Transportation, Storage, and Distribution Managers",198780.0,198780.0,99200.0,18.5,High school diploma or equivalent,0.0,11.504893293272964,12.199953964521995,9.306771304960258e-05,1.0,0.8907923,0.901368555176238,1.1500627395682244,0.044184890893186,-0.0954184094607575,Upper-middle,
11-3111,1.298235,Compensation and Benefits Managers,18690.0,18690.0,136380.0,1.5,Bachelor's degree,0.0,11.823200386074644,9.835743900449607,8.025682182985554e-05,4.0,5.19294,1.305469664828535,2.3841896123482518,-0.3889676239944801,-0.1166964377351262,High,Little or no change
11-3121,1.320417,Human Resources Managers,200600.0,200600.0,136350.0,17.9,Bachelor's degree,0.0,11.822980388273734,12.209068154509971,8.923230309072781e-05,4.0,5.281668,1.327469741929701,2.383193813365373,0.0485623553670355,-0.1017887673186821,High,Faster than average
11-3131,1.284423,Training and Development Managers,41540.0,41540.0,125040.0,3.8,Bachelor's degree,0.0,11.736388965095358,10.634412097430104,9.1478093403948e-05,4.0,5.137692,1.2917709422191537,2.0077775968204,-0.3340087980453259,-0.0980586607270857,High,
11-9013,-0.1443684,"Farmers, Ranchers, and Other Agricultural Managers",6150.0,6150.0,83770.0,85.5,High school diploma or equivalent,0.0,11.335830227147856,8.724207360800564,0.0139024390243902,1.0,-0.1443684,-0.1253024038038801,0.6378901293746845,-0.419128835259355,22.84101810957199,Lower-middle,
11-9021,1.029139,Construction Managers,329190.0,329190.0,104900.0,46.8,Bachelor's degree,0.0,11.560762794384388,12.704390370652954,0.0001421671375193,4.0,4.116556,1.038580622018357,1.339264546315028,0.3578470568463236,-0.0138675693043395,High,Faster than average
11-9031,0.838007,"Education and Childcare Administrators, Preschool and Daycare",64090.0,64090.0,54290.0,5.5,Bachelor's degree,0.0,10.902095326899495,11.068043624498271,8.581682009673896e-05,4.0,3.352028,0.8490161672126559,-0.3406483378000112,-0.2797715321742788,-0.1074616547447104,Upper-middle,
11-9032,1.048811,"Education Administrators, Kindergarten through Secondary",302580.0,302580.0,103460.0,20.8,Master's degree,0.0,11.546940343557504,12.620100984298826,6.874215083614251e-05,5.0,5.244055,1.0580912845706127,1.291466195136888,0.2938446779182277,-0.1358215314363836,High,
11-9033,1.461149,"Education Administrators, Postsecondary",167270.0,167270.0,102610.0,15.1,Master's degree,0.0,11.538690672856257,12.027364552306054,9.027321097626593e-05,5.0,7.305745,1.467047546032185,1.2632518906220138,-0.0316029693106584,-0.1000598893632317,High,
11-9039,0.3541265,"Education Administrators, All Other",50690.0,50690.0,88460.0,4.1,Bachelor's degree,0.0,11.390305751422318,10.833483931466397,8.088380351154073e-05,4.0,1.416506,0.3691041526174544,0.7935667036979316,-0.3120012156630607,-0.1156550633512859,Upper-middle,
11-9041,0.8370105,Architectural and Engineering Managers,207800.0,207800.0,165370.0,14.5,Bachelor's degree,0.0,12.015940666644244,12.244331357647264,6.97786333012512e-05,4.0,3.348042,0.8480278398827799,3.3464633628026075,0.0658797972416049,-0.1341000038064811,Upper-middle,
11-9051,-0.1213112,Food Service Managers,246070.0,246070.0,63060.0,42.0,High school diploma or equivalent,0.0,11.051841933099052,12.413371327282546,0.0001706831389442,1.0,-0.1213112,-0.1024343045460582,-0.049543101805368,0.1579268112054618,0.0334955902277889,Lower-middle,Faster than average
11-9071,0.8299207,Gambling Managers,4590.0,4590.0,82380.0,0.6,High school diploma or equivalent,0.0,11.319097967990071,8.431635303054591,0.0001307189542483,1.0,0.8299207,0.8409961859908022,0.5917514431680079,-0.4228809476655117,-0.0328822313721122,Upper-middle,Faster than average
11-9081,0.4021726,Lodging Managers,41980.0,41980.0,65360.0,5.4,High school diploma or equivalent,0.0,11.087665729533883,10.644948593374624,0.0001286326822296,1.0,0.4021726,0.4167562085371339,0.0268014868819386,-0.3329505099307689,-0.0363473888105108,Upper-middle,Faster than average
11-9111,1.260259,Medical and Health Services Managers,515100.0,515100.0,110680.0,62.1,Bachelor's degree,0.0,11.61439843390086,13.152116335553677,0.000120559114735,4.0,5.041036,1.2678051202431109,1.5311218170161724,0.8049978372492667,-0.0497570411507761,High,
11-9121,1.327906,Natural Sciences Managers,96520.0,96520.0,157740.0,8.5,Bachelor's degree,0.0,11.96870338695198,11.477505519738967,8.806464981351016e-05,4.0,5.311624,1.3348973218328042,3.0931984881573253,-0.201770887730906,-0.1037281608410468,High,Slower than average
11-9131,0.8233757,Postmasters and Mail Superintendents,13810.0,13810.0,88670.0,0.9,High school diploma or equivalent,0.0,11.392676892374054,9.533148246403336,6.517016654598118e-05,1.0,0.8233757,0.8345048639897595,0.8005372965780769,-0.4007050012650215,-0.1417543569844218,Upper-middle,
11-9141,1.215396,"Property, Real Estate, and Community Association Managers",284120.0,284120.0,62850.0,39.0,High school diploma or equivalent,0.0,11.048506214018394,12.557151963111746,0.0001372659439673,1.0,1.215396,1.223310058526872,-0.0565136946855134,0.2494446811120401,-0.022008121994183,High,
11-9151,1.156153,Social and Community Service Managers,173650.0,173650.0,77030.0,18.6,Bachelor's degree,0.0,11.251950235347012,12.06479705817222,0.0001071120069104,4.0,4.624612,1.1645529325822153,0.4141672912214467,-0.0162577916495817,-0.0720917823948695,High,
11-9161,1.030768,Emergency Management Directors,11910.0,11910.0,83960.0,1.0,Bachelor's degree,0.0,11.338095773934567,9.385133662349348,8.396305625524769e-05,4.0,4.123072,1.040196261978586,0.6441968562662447,-0.4052748817596995,-0.1105406317461272,High,
11-9199,0.9646872,"Managers, All Other",589750.0,589750.0,133560.0,106.7,Bachelor's degree,0.0,11.802306094057592,13.28745399726992,0.0001809241203899,4.0,3.8587488,0.9746574153954676,2.2905845079577274,0.984546036684906,0.0505051712961987,Upper-middle,
13-1011,1.068559,"Agents and Business Managers of Artists, Performers, and Athletes",12870.0,12870.0,84900.0,2.2,Bachelor's degree,0.0,11.34922937229944,9.462654300590172,0.0001709401709401,4.0,4.274236,1.0776773238183734,0.6753985577297525,-0.402965889509757,0.0339225030774739,High,
13-1031,1.274024,"Claims Adjusters, Examiners, and Investigators",293780.0,293780.0,75050.0,21.1,High school diploma or equivalent,0.0,11.225909837061607,12.590586466885403,7.182245217509701e-05,1.0,1.274024,1.2814572283171146,0.3484445583515045,0.2726789156270873,-0.1307053581850785,High,
13-1032,0.6634955,"Insurance Appraisers, Auto Damage",8670.0,8670.0,74520.0,0.5,Postsecondary nondegree award,0.0,11.218822824715524,9.067624069774588,5.767012687427912e-05,2.0,1.326991,0.6759359014548283,0.3308521096539947,-0.4130677306032558,-0.1542114182033457,Upper-middle,
13-1041,0.6981205,Compliance Officers,383620.0,383620.0,75670.0,33.3,Bachelor's degree,0.0,11.234137059688567,12.85740775827568,8.680465043532662e-05,4.0,2.792482,0.7102769288476637,0.369024403997648,0.4887621070175473,-0.10582093502317,Upper-middle,Faster than average
13-1051,1.367669,Cost Estimators,220970.0,220970.0,74740.0,16.9,Bachelor's degree,0.0,11.221770703039477,12.30578222467915,7.648097026745712e-05,4.0,5.470676,1.3743342105612175,0.3381546355284327,0.0975562846705047,-0.122967873104173,High,
13-1071,1.36005,Human Resources Specialists,895970.0,895970.0,67650.0,81.8,Bachelor's degree,0.0,11.122102633598931,13.70566220925367,9.129769969976672e-05,4.0,5.4402,1.366777696836856,0.1028141425749526,1.7210664604113823,-0.098358282531084,High,Little or no change
13-1074,-0.4354025,Farm Labor Contractors,460.0,460.0,45730.0,0.3,No formal educational credential,0.0,10.7305098166521,6.131226489483141,0.0006521739130434,0.0,-0.0,-0.4139496240305711,-0.624782980914509,-0.4328144247407856,0.8332193666142333,Lower-middle,
13-1075,1.334834,Labor Relations Specialists,62800.0,62800.0,89980.0,5.1,Bachelor's degree,0.0,11.407342702395164,11.04771035245629,8.121019108280254e-05,4.0,5.339336,1.3417685027072466,0.8440205188304125,-0.2828742405101392,-0.1151129555579572,High,Little or no change
13-1081,1.297303,Logisticians,228470.0,228470.0,79400.0,26.4,Bachelor's degree,0.0,11.282253647235228,12.339160189668528,0.0001155512758786,4.0,5.189212,1.3045453085099756,0.4928354108688019,0.1155952866231811,-0.0580747245149327,High,Faster than average
13-1111,1.432417,Management Analysts,838140.0,838140.0,99410.0,98.1,Bachelor's degree,0.0,11.50700799120619,13.63894042994965,0.0001170448851027,4.0,5.729668,1.4385511879368509,1.1570333324483697,1.5819737293549454,-0.0555939400983622,High,Slower than average
13-1121,0.3740207,"Meeting, Convention, and Event Planners",122130.0,122130.0,56920.0,15.5,Bachelor's degree,0.0,10.949402052203787,11.712841330165134,0.0001269139441578,4.0,1.4960828,0.3888351928241993,-0.2533499603010475,-0.1401737090631669,-0.0392020970942681,Upper-middle,Faster than average
13-1131,1.242567,Fundraisers,101730.0,101730.0,64160.0,10.2,Bachelor's degree,0.0,11.069135242540396,11.530077523787794,0.000100265408434,4.0,4.970268,1.2502582189684814,-0.0130304724331778,-0.1892397943744468,-0.0834635217582261,High,
13-1141,1.440985,"Compensation, Benefits, and Job Analysis Specialists",99850.0,99850.0,74530.0,8.5,Bachelor's degree,0.0,11.21895700787574,11.51142433884396,8.512769153730596e-05,4.0,5.76394,1.4470489185563975,0.3311840426482874,-0.1937615708639176,-0.1086062509106421,High,Little or no change
13-1151,1.198409,Training and Development Specialists,403480.0,403480.0,64340.0,43.9,Bachelor's degree,0.0,11.071936800793017,12.907882199168773,0.0001088034103301,4.0,4.793636,1.206462375282913,-0.0070556785359104,0.5365293841882345,-0.0692824751288964,High,
13-1161,1.426757,Market Research Analysts and Marketing Specialists,846370.0,846370.0,74680.0,87.2,Bachelor's degree,0.0,11.220967597655658,13.648711895223606,0.0001030282264257,4.0,5.707028,1.4329376077189897,0.3361630375626769,1.6017685274976825,-0.0788746669833288,High,
13-1199,1.047687,"Business Operations Specialists, All Other",1103440.0,1103440.0,79590.0,108.2,Bachelor's degree,0.0,11.284643735799897,13.913943130749402,9.805698542739073e-05,4.0,4.190748,1.0569765029160412,0.499142137760362,2.2200733584276198,-0.0871315637681282,High,
13-2011,1.481956,Accountants and Auditors,1435770.0,1435770.0,79880.0,124.2,Bachelor's degree,0.0,11.288280787529752,14.177211848631265,8.650410581081928e-05,4.0,5.927824,1.4876839000238882,0.5087681945948485,3.019393560952013,-0.1063201194209049,High,
13-2031,1.502988,Budget Analysts,47310.0,47310.0,84940.0,3.1,Bachelor's degree,0.0,11.349700403867262,10.764476968625194,6.552525893045868e-05,4.0,6.011952,1.5085434087062308,0.6767262897069232,-0.3201307925430668,-0.1411645724278815,High,Slower than average
13-2041,1.345268,Credit Analysts,73200.0,73200.0,79420.0,3.7,Bachelor's degree,0.0,11.282505504685242,11.200950699949402,5.0546448087431695e-05,4.0,5.381072,1.3521169295611624,0.4934992768573871,-0.2578601578024279,-0.1660433693177548,High,Faster than average
13-2051,1.380615,Financial and Investment Analysts,325220.0,325220.0,99010.0,25.1,Bachelor's degree,0.0,11.50297613411656,12.692257155379714,7.717852530594674e-05,4.0,5.52246,1.3871740355612938,1.1437560126766644,0.3482984118127069,-0.1218092811235439,High,
13-2052,1.400749,Personal Financial Advisors,272190.0,272190.0,99580.0,24.1,Bachelor's degree,0.0,11.508716620196171,12.514255630831784,8.854109261912635e-05,4.0,5.602996,1.4071429090783292,1.1626761933513443,0.2207506420059828,-0.1029368214006342,High,
13-2053,1.326652,Insurance Underwriters,101310.0,101310.0,77860.0,8.2,Bachelor's degree,0.0,11.262667621164448,11.525940402047723,8.093969006021122e-05,4.0,5.306608,1.3336536063569742,0.4417177297477357,-0.1902499784837966,-0.1155622395545359,High,
13-2061,1.526064,Financial Examiners,63440.0,63440.0,84300.0,5.7,Bachelor's degree,0.0,11.342137143989946,11.05784985630873,8.984867591424968e-05,4.0,6.104256,1.531430153778204,0.6554825780721943,-0.2813349123435107,-0.1007650135343837,High,Little or no change
13-2071,1.385381,Credit Counselors,27950.0,27950.0,48570.0,2.2,Bachelor's degree,0.0,10.790761335339791,10.238172478583245,7.871198568872988e-05,4.0,5.541524,1.3919009478083482,-0.5305140105353999,-0.3666954695835756,-0.1192623066139025,High,
13-2072,1.385739,Loan Officers,321090.0,321090.0,69990.0,20.3,Bachelor's degree,0.0,11.156107653683586,12.679476736646532,6.322214955308481e-05,4.0,5.542956,1.3922560117161211,0.1804864632394298,0.3383649347374331,-0.1449898821280518,High,
13-2081,1.36682,"Tax Examiners and Collectors, and Revenue Agents",50250.0,50250.0,58530.0,4.3,Bachelor's degree,0.0,10.977294722285269,10.824765825921322,8.557213930348258e-05,4.0,5.46728,1.3734921735285384,-0.1999087482199328,-0.3130595037776177,-0.1078680530778005,High,
13-2082,1.29371,Tax Preparers,81650.0,81650.0,49010.0,10.4,High school diploma or equivalent,0.0,10.799779637903594,11.31019709839861,0.0001273729332516,1.0,1.29371,1.3009817760501212,-0.5159089587865239,-0.2375362156024124,-0.0384397470946941,High,
13-2099,1.361362,"Financial Specialists, All Other",122730.0,122730.0,78310.0,10.3,Bachelor's degree,0.0,11.268430587744984,11.717742099591554,8.392406094679379e-05,4.0,5.445448,1.3680789366329398,0.4566547144909044,-0.1387305889069528,-0.1106054003294847,High,
15-2011,1.516474,Actuaries,25470.0,25470.0,120000.0,2.4,Bachelor's degree,0.0,11.695247021764184,10.145256567973505,9.422850412249704e-05,4.0,6.065896,1.5219188049638417,1.8404833676969108,-0.3726603662292606,-0.0934904135980176,High,Little or no change
15-2021,1.472319,Mathematicians,2220.0,2220.0,116440.0,0.1,Master's degree,0.0,11.66513139785956,7.705262474866325,4.5045045045045046e-05,5.0,7.361594999999999,1.478125936674148,1.7223152217287316,-0.4285812722825575,-0.1751808295831393,High,Faster than average
15-2031,1.40002,Operations Research Analysts,117880.0,117880.0,83640.0,9.6,Bachelor's degree,0.0,11.334277153542567,11.67742243685163,8.143875127248048e-05,4.0,5.60008,1.4064198878806575,0.6335750004488803,-0.1503958101696835,-0.1147333324626595,High,Faster than average
15-2041,1.382724,Statisticians,29950.0,29950.0,104110.0,2.0,Master's degree,0.0,11.5532033114688,10.307284603543597,6.67779632721202e-05,5.0,6.91362,1.3892657388615537,1.3130418397659096,-0.3618850690628619,-0.1390839148105401,High,Faster than average
17-1011,1.047142,"Architects, Except Landscape and Naval",111170.0,111170.0,93310.0,7.8,Bachelor's degree,0.0,11.443682562228068,11.61881584022766,7.016281370873437e-05,4.0,4.188568,1.0564359726653814,0.9545542059298608,-0.166534703916678,-0.1334619060010541,High,
17-1012,1.034388,Landscape Architects,20370.0,20370.0,79320.0,1.7,Bachelor's degree,0.0,11.281245582633732,9.921818509220852,8.345606283750614e-05,4.0,4.137552,1.0437865730013172,0.4901799469144607,-0.3849268875570805,-0.111382713697537,High,Faster than average
17-1021,0.8169979,Cartographers and Photogrammetrists,12330.0,12330.0,76210.0,1.0,Bachelor's degree,0.0,11.241247966660165,9.41979059615839,8.110300081103001e-05,4.0,3.2679916,0.8281793707188274,0.3869487856894504,-0.4042646976503496,-0.1152909913865651,Upper-middle,
17-1022,0.1460606,Surveyors,50740.0,50740.0,68540.0,3.9,Bachelor's degree,0.0,11.1351727954286,10.834469833153271,7.686243594797004e-05,4.0,0.5842424,0.1627446790747847,0.1323561790669974,-0.3118809556500428,-0.1223342842775702,Upper-middle,
17-2011,1.338738,Aerospace Engineers,66660.0,66660.0,130720.0,4.5,Bachelor's degree,0.0,11.78081291009383,11.10736035186173,6.75067506750675e-05,4.0,5.354952,1.3456404845394956,2.1963155375786183,-0.2735901675051617,-0.1378734479741648,High,Faster than average
17-2021,0.9409636,Agricultural Engineers,1860.0,1860.0,88750.0,0.1,Bachelor's degree,0.0,11.393578707337662,7.528331766707247,5.3763440860215054e-05,4.0,3.7638544,0.9511283815339032,0.8031927605324181,-0.4294471443762859,-0.160700160792792,Upper-middle,Faster than average
17-2031,0.9874239,Bioengineers and Biomedical Engineers,19320.0,19320.0,100730.0,1.3,Bachelor's degree,0.0,11.520198948936727,9.86889610776651,6.728778467908903e-05,4.0,3.9496956,0.9972076431939568,1.200848487694998,-0.3874523478304553,-0.1382371357593185,Upper-middle,Faster than average
17-2041,1.341336,Chemical Engineers,21140.0,21140.0,112100.0,1.1,Bachelor's degree,0.0,11.62714660906025,9.958922259424227,5.203405865657522e-05,4.0,5.365344,1.3482171773674116,1.578256302205727,-0.3830748833566058,-0.1635725482633465,High,Faster than average
17-2051,1.282867,Civil Engineers,327950.0,327950.0,95890.0,23.6,Bachelor's degree,0.0,11.470956980147728,12.700616436721882,7.196218935813387e-05,4.0,5.131468,1.290227703558554,1.0401929184573613,0.3548646085234811,-0.130473264126934,High,Slower than average
17-2061,1.141812,Computer Hardware Engineers,82660.0,82660.0,138080.0,4.7,Bachelor's degree,0.0,11.835588506317254,11.322491088065725,5.685942414710864e-05,4.0,4.567248,1.1503295485001748,2.440618221378,-0.235106963339452,-0.1555579408811944,High,Faster than average
17-2071,1.126725,Electrical Engineers,185430.0,185430.0,106950.0,11.7,Bachelor's degree,0.0,11.580116714510552,12.130432731321427,6.309658631289435e-05,4.0,4.5069,1.1353662826438369,1.407310810145019,0.012075467417422,-0.1451984342208895,High,Faster than average
17-2072,0.6654578,"Electronics Engineers, Except Computer",96410.0,96410.0,119200.0,5.7,Bachelor's degree,0.0,11.688558033613386,11.476365209658423,5.91224976662172e-05,4.0,2.6618312,0.677882107896791,1.8139287281535,-0.2020354597595452,-0.1517991280475999,Upper-middle,
17-2081,1.343561,Environmental Engineers,39880.0,39880.0,100090.0,3.0,Bachelor's degree,0.0,11.513825060213064,10.593630224075774,7.522567703109328e-05,4.0,5.374244,1.3504239293081786,1.1796047760602693,-0.3380014304775183,-0.1250528307014088,High,Faster than average
17-2111,0.9948935,"Health and Safety Engineers, Except Mining Safety Engineers and Inspectors",22510.0,22510.0,103690.0,1.5,Bachelor's degree,0.0,11.549160957552324,10.021714933900778,6.663705019991116e-05,4.0,3.979574,1.0046159822037335,1.2991006540056187,-0.3797797589999169,-0.1393179619414744,Upper-middle,
17-2112,1.13787,Industrial Engineers,332870.0,332870.0,99380.0,25.2,Bachelor's degree,0.0,11.506706165156311,12.715507302350025,7.570523027007541e-05,4.0,4.55148,1.146419878320173,1.156037533465492,0.3666981938044368,-0.1242563250404757,High,Slower than average
17-2121,0.5472173,Marine Engineers and Naval Architects,9960.0,9960.0,100270.0,0.6,Bachelor's degree,0.0,11.515621826517972,9.206332350578643,6.024096385542168e-05,4.0,2.1888692,0.5606113425699306,1.1855795699575369,-0.4099650222673954,-0.1499414309686384,Upper-middle,Faster than average
17-2131,1.037278,Materials Engineers,24630.0,24630.0,104100.0,1.5,Bachelor's degree,0.0,11.55310725460306,10.111720491114584,6.090133982947625e-05,4.0,4.149112,1.0466528710277516,1.3127099067716168,-0.3746807344479603,-0.1488445909122661,High,Slower than average
17-2141,1.004709,Mechanical Engineers,281290.0,281290.0,99510.0,18.1,Bachelor's degree,0.0,11.508013420609208,12.547141444610368,6.434640406697714e-05,4.0,4.018836,1.0143509816080476,1.160352662391296,0.2426379643752302,-0.1431225710312786,Upper-middle,Faster than average
17-2151,1.34695,"Mining and Geological Engineers, Including Mining Safety Engineers",7040.0,7040.0,100640.0,0.4,Bachelor's degree,0.0,11.519305071934268,8.859363449152088,5.681818181818182e-05,4.0,5.3878,1.35378513484852,1.1978610907463645,-0.4169882070276374,-0.1556264416143559,High,
17-2161,1.303009,Nuclear Engineers,12710.0,12710.0,125460.0,0.8,Bachelor's degree,0.0,11.739742261650736,9.4501443641835,6.294256490952006e-05,4.0,5.212036,1.31020451146459,2.021718782580691,-0.4033507215514141,-0.1454542534078328,High,Slower than average
17-2171,1.247779,Petroleum Engineers,20390.0,20390.0,135690.0,1.2,Bachelor's degree,0.0,11.818128151139998,9.922799863568502,5.88523786169691e-05,4.0,4.991116,1.255427473402314,2.361286235742059,-0.3848787835518734,-0.1522477776121585,High,Slower than average
17-2199,0.787566,"Engineers, All Other",150990.0,150990.0,111970.0,9.3,Bachelor's degree,0.0,11.625986257254242,11.924968888438515,6.159348301212001e-05,4.0,3.150264,0.798988852765811,1.573941173279923,-0.070759629549268,-0.1476949876600345,Upper-middle,
17-3011,0.9233925,Architectural and Civil Drafters,111070.0,111070.0,61820.0,10.0,Associate's degree,0.0,11.031982215686106,11.617915912161166,9.003331232556046e-05,3.0,2.7701775,0.933701388713044,-0.090702793097655,-0.1667752239427137,-0.1004583448793339,Upper-middle,
17-3012,0.910166,Electrical and Electronics Drafters,20680.0,20680.0,69260.0,1.7,Associate's degree,0.0,11.145622817956411,9.936922328622366,8.220502901353965e-05,3.0,2.730498,0.9205833641986372,0.1562553546560673,-0.3841812754763699,-0.1134605966973957,Upper-middle,Slower than average
17-3013,0.8410071,Mechanical Drafters,44850.0,44850.0,64060.0,3.3,Associate's degree,0.0,11.067575423163149,10.71107886748694,7.357859531772575e-05,3.0,2.5230213,0.85199166226771,-0.0163498023761042,-0.3260475851835447,-0.1277885225956002,Upper-middle,Little or no change
17-3021,0.3909402,Aerospace Engineering and Operations Technologists and Technicians,10640.0,10640.0,77830.0,0.9,Associate's degree,0.0,11.262282239953434,9.272375762895637,8.458646616541354e-05,3.0,1.1728206,0.405615929660967,0.4407219307648577,-0.4083294860903528,-0.109505189834437,Upper-middle,Faster than average
17-3022,0.9323219,Civil Engineering Technologists and Technicians,63560.0,63560.0,60700.0,5.5,Associate's degree,0.0,11.01369897704759,11.059739620650651,8.653241032095658e-05,3.0,2.7969657000000003,0.9425575553556892,-0.1278792884584305,-0.2810462883122679,-0.1062731075341702,Upper-middle,Slower than average
17-3023,0.3515252,Electrical and Electronic Engineering Technologists and Technicians,97420.0,97420.0,72800.0,8.4,Associate's degree,0.0,11.195471234184778,11.486786807360534,8.622459453910902e-05,3.0,1.0545756,0.3665241868540758,0.273759634635661,-0.1996062074965848,-0.1067843688349729,Upper-middle,Slower than average
17-3024,-0.3040507,Electro-Mechanical and Mechatronics Technologists and Technicians,15360.0,15360.0,65080.0,1.3,Associate's degree,0.0,11.083372561332974,9.639522006701664,8.463541666666667e-05,3.0,-0.9121521,-0.2836750893909111,0.0175073630417447,-0.3969769408614684,-0.1094238863457224,Lower-middle,Slower than average
17-3025,0.0438054,Environmental Engineering Technologists and Technicians,13780.0,13780.0,54000.0,1.1,Associate's degree,0.0,10.896739325546411,9.53097354456765,7.982583454281569e-05,3.0,0.1314162,0.0613281123091571,-0.3502743946344977,-0.4007771572728322,-0.1174122786178738,Upper-middle,Slower than average
17-3026,0.6106679,Industrial Engineering Technologists and Technicians,73020.0,73020.0,62610.0,6.3,Associate's degree,0.0,11.044680288739356,11.198488655209628,8.627773212818406e-05,3.0,1.8320037,0.623541560409406,-0.0644800865485367,-0.2582930938492921,-0.1066961108751342,Upper-middle,Slower than average
17-3027,-0.1192367,Mechanical Engineering Technologists and Technicians,38930.0,38930.0,64020.0,3.2,Associate's degree,0.0,11.066950813523857,10.5695204406045,8.219881839198562e-05,3.0,-0.3577101,-0.1003768182983633,-0.0176775343532748,-0.3402863707248573,-0.1134709121218857,Upper-middle,Slower than average
17-3029,0.1941278,"Engineering Technologists and Technicians, Except Drafters, All Other",66200.0,66200.0,73500.0,5.7,Associate's degree,0.0,11.205040685200927,11.1004357419251,8.610271903323264e-05,3.0,0.5823834,0.2104176619454531,0.2969949442361457,-0.2746965596249259,-0.1069867958492616,Upper-middle,
17-3031,0.0852324,Surveying and Mapping Technicians,56050.0,56050.0,48940.0,7.6,High school diploma or equivalent,0.0,10.798350336996664,10.933999428500304,0.0001355932203389,1.0,0.0852324,0.1024153539496767,-0.5182324897465723,-0.299109342267548,-0.0247864033837301,Upper-middle,
19-1011,1.041358,Animal Scientists,2460.0,2460.0,70140.0,0.2,Bachelor's degree,0.0,11.15824852369417,7.807916628926408,8.130081300813008e-05,4.0,4.165432,1.0506994094180122,0.1854654581538194,-0.4280040242200718,-0.1149624386379146,High,Faster than average
19-1012,0.7943575,Food Scientists and Technologists,14100.0,14100.0,82090.0,1.2,Bachelor's degree,0.0,11.315571485342312,9.55393007636626,8.51063829787234e-05,4.0,3.17743,0.8057246531279321,0.5821253863335214,-0.400007493189518,-0.1086416429926002,Upper-middle,Slower than average
19-1013,0.6320696,Soil and Plant Scientists,15800.0,15800.0,68240.0,1.7,Bachelor's degree,0.0,11.13078618216556,9.667765219015058,0.0001075949367088,4.0,2.5282784,0.6447677370434347,0.1223981892382182,-0.3959186527469114,-0.0712896684959367,Upper-middle,Faster than average
19-1021,0.9060509,Biochemists and Biophysicists,33180.0,33180.0,107460.0,2.9,Doctoral or professional degree,0.0,11.584873964282812,10.409702563744435,8.740204942736587e-05,6.0,5.4363054,0.9165020136766372,1.4242393928539432,-0.3541162722219092,-0.10482869549622,Upper-middle,
19-1022,0.6955647,Microbiologists,21540.0,21540.0,85470.0,1.7,Bachelor's degree,0.0,11.355920716160064,9.97766695071038,7.892293407613742e-05,4.0,2.7822588,0.7077420899217255,0.6943187384044329,-0.382112803252463,-0.1189119355370823,Upper-middle,
19-1023,0.3175953,Zoologists and Wildlife Biologists,17100.0,17100.0,70600.0,1.4,Bachelor's degree,0.0,11.164785423481334,9.746833742490752,8.187134502923976e-05,4.0,1.2703812,0.3328725586855224,0.2007343758912807,-0.3927918924084475,-0.1140148233418068,Upper-middle,
19-1029,1.010193,"Biological Scientists, All Other",61220.0,61220.0,91100.0,4.8,Bachelor's degree,0.0,11.41971308324805,11.022229212499404,7.840574975498202e-05,4.0,4.040772,1.0197900052678976,0.8811970141911879,-0.286674456921503,-0.1197709438933192,Upper-middle,
19-1031,0.0690313,Conservation Scientists,22790.0,22790.0,68750.0,2.5,Bachelor's degree,0.0,11.138232015528818,10.03407712223973,0.0001096972356296,4.0,0.2761252,0.086347125245155,0.1393267719471428,-0.3791063029270169,-0.0677978914516485,Upper-middle,
19-1032,-0.184381,Foresters,9450.0,9450.0,67330.0,1.1,Bachelor's degree,0.0,11.117361181539328,9.153770020487787,0.0001164021164021,4.0,-0.737524,-0.1649868454691093,0.0921922867575882,-0.4111916744001774,-0.0566615356583339,Lower-middle,
19-1041,1.436287,Epidemiologists,10230.0,10230.0,81390.0,0.8,Master's degree,0.0,11.307007694321086,9.233079858945672,7.820136852394917e-05,5.0,7.1814350000000005,1.442389448615848,0.5588900767330368,-0.4093156181970991,-0.1201104073653034,High,Faster than average
19-1042,1.279928,"Medical Scientists, Except Epidemiologists",136620.0,136620.0,100890.0,9.6,Doctoral or professional degree,0.0,11.521786093402424,11.82495862828584,7.026789635485287e-05,6.0,7.679568,1.2873128073994915,1.20615941560368,-0.1053223572905961,-0.1332873707968359,High,
19-2011,1.373737,Astronomers,2080.0,2080.0,127930.0,0.1,Doctoral or professional degree,0.0,11.75923851831108,7.640123172695364,4.807692307692308e-05,6.0,8.242422,1.3803524446181048,2.1037062321709725,-0.4289180003190074,-0.1701450841864961,High,
19-2012,1.345736,Physicists,18350.0,18350.0,155680.0,1.7,Doctoral or professional degree,0.0,11.955557897419832,9.817384853482716,9.264305177111717e-05,6.0,8.074416,1.3525810913176926,3.0248202913330418,-0.3897853920830014,-0.0961237432689717,High,
19-2021,1.373917,Atmospheric and Space Scientists,9310.0,9310.0,92860.0,0.7,Bachelor's degree,0.0,11.438848261573913,9.138844370271112,7.518796992481203e-05,4.0,5.495668,1.3805309683706164,0.939617221186692,-0.4115284024366274,-0.1251154596676403,High,Slower than average
19-2031,0.5011251,Chemists,83530.0,83530.0,84680.0,6.3,Bachelor's degree,0.0,11.3466347252488,11.332961127749952,7.542200407039387e-05,4.0,2.0045004,0.5148971619837632,0.6680960318553145,-0.2330144391129415,-0.1247267446999274,Upper-middle,Faster than average
19-2032,1.032757,Materials Scientists,8810.0,8810.0,106160.0,0.6,Bachelor's degree,0.0,11.57270266900609,9.083642718930223,6.81044267877412e-05,4.0,4.131028,1.042168949443838,1.3810881035959002,-0.4127310025668058,-0.1368807481684882,High,Faster than average
19-2041,1.014113,"Environmental Scientists and Specialists, Including Health",80730.0,80730.0,78980.0,8.5,Bachelor's degree,0.0,11.27694993484064,11.298865532389062,0.000105289235724,4.0,4.056452,1.023677855878148,0.4788942251085111,-0.2397489998419407,-0.0751192826817236,Upper-middle,Faster than average
19-2042,0.7143481,"Geoscientists, Except Hydrologists and Geographers",24620.0,24620.0,92580.0,2.0,Bachelor's degree,0.0,11.43582841458526,10.111314399738443,8.123476848090982e-05,4.0,2.8573924,0.7263714402157496,0.9303230973464984,-0.3747047864505639,-0.1150721341535079,Upper-middle,
19-2043,0.6405071,Hydrologists,6150.0,6150.0,88770.0,0.5,Bachelor's degree,0.0,11.393804034062365,8.724207360800564,8.130081300813008e-05,4.0,2.5620284,0.6531360379424108,0.8038566265210033,-0.419128835259355,-0.1149624386379146,Upper-middle,Little or no change
19-2099,1.140157,"Physical Scientists, All Other",20820.0,20820.0,112280.0,2.0,Bachelor's degree,0.0,11.62875103047582,9.94366934216896,9.606147934678194e-05,4.0,4.560628,1.148688121775694,1.5842310961029944,-0.3838445474399199,-0.0904459650909198,High,
19-3011,1.403764,Economists,16420.0,16420.0,115730.0,0.9,Master's degree,0.0,11.659015170842125,9.70625538300642,5.481120584652863e-05,5.0,7.01882,1.4101331819328968,1.6987479791339544,-0.3944274285854901,-0.1589598936543662,High,
19-3022,1.42653,Survey Researchers,8190.0,8190.0,60960.0,0.7,Master's degree,0.0,11.017973190360529,9.010669176847117,8.547008547008547e-05,5.0,7.13265,1.4327124694311,-0.1192490306068219,-0.414222226728227,-0.1080375576278965,High,Faster than average
19-3032,1.402475,Industrial-Organizational Psychologists,1030.0,1030.0,147420.0,0.4,Master's degree,0.0,11.90104093474328,6.937314081223682,0.0003883495145631,5.0,7.012375,1.4088547535051894,2.750643638047323,-0.4314434605923821,0.3950247934154065,High,Faster than average
19-3039,1.389854,"Psychologists, All Other",14480.0,14480.0,117750.0,3.9,Master's degree,0.0,11.676319011878665,9.580523665939708,0.0002693370165745,5.0,6.949269999999999,1.396337263058259,1.7657984439810672,-0.3990935170905824,0.197353042577372,High,
19-3041,1.411125,Sociologists,2890.0,2890.0,101770.0,0.3,Master's degree,0.0,11.530470644185977,7.969011781106478,0.0001038062283737,5.0,7.055625,1.4174338116119916,1.2353695191014322,-0.4269697881081184,-0.0775824580994087,High,Faster than average
19-3051,1.227516,Urban and Regional Planners,42690.0,42690.0,81800.0,3.4,Master's degree,0.0,11.312032522590838,10.661719979752007,7.964394471773249e-05,5.0,6.13758,1.2353306578626455,0.5724993294990349,-0.3312428177459156,-0.1177143853780166,High,
19-3091,0.6965665,Anthropologists and Archeologists,7720.0,7720.0,63800.0,0.8,Master's degree,0.0,11.06350846933288,8.951569643018821,0.0001036269430051,5.0,3.4828325,0.7087356737843145,-0.0249800602277128,-0.4153526708505948,-0.0778802390324551,Upper-middle,
19-3092,1.436298,Geographers,1460.0,1460.0,90880.0,0.1,Bachelor's degree,0.0,11.41729523395498,7.286191714702382,6.849315068493152e-05,4.0,5.745192,1.4424003584007237,0.8738944883167499,-0.4304092244804287,-0.1362351039323879,High,
19-3093,1.098921,Historians,3040.0,3040.0,72890.0,0.3,Master's degree,0.0,11.196706734376258,8.019612794400267,9.86842105263158e-05,5.0,5.494605,1.1077903136725618,0.2767470315842947,-0.4266090080690649,-0.086089785084632,High,
19-3094,1.418863,Political Scientists,5580.0,5580.0,132350.0,0.5,Master's degree,0.0,11.793205207655248,8.626944055375356,8.960573476702509e-05,5.0,7.094315,1.4251083493727357,2.250420615648318,-0.4204997994077584,-0.1011685224324754,High,Faster than average
19-3099,1.328048,"Social Scientists and Related Workers, All Other",35210.0,35210.0,95890.0,3.2,Bachelor's degree,0.0,11.470956980147728,10.4690854121491,9.088327179778472e-05,4.0,5.312192,1.3350381572375631,1.0401929184573613,-0.3492337156933848,-0.0990466193895274,High,
19-4021,0.3012355,Biological Technicians,76990.0,76990.0,51430.0,9.1,Bachelor's degree,0.0,10.847976938768962,11.251430822272097,0.0001181971684634,4.0,1.204942,0.316646931539203,-0.4355811741677056,-0.2487444488156754,-0.05368007497308,Upper-middle,
19-4031,0.0628057,Chemical Technicians,55880.0,55880.0,56750.0,6.7,Associate's degree,0.0,10.94641093534365,10.930961813370898,0.0001198997852541,3.0,0.1884171,0.0801725837249576,-0.2589928212040224,-0.2995182263118086,-0.0508521430524153,Upper-middle,Faster than average
19-4051,0.1696743,Nuclear Technicians,5400.0,5400.0,101740.0,0.7,Associate's degree,0.0,11.530175818376756,8.594154232552366,0.0001296296296296,3.0,0.5090229,0.1861647142674546,1.2343737201185545,-0.4209327354546227,-0.0346915262634551,Upper-middle,Faster than average
19-4061,1.204652,Social Science Research Assistants,30890.0,30890.0,56400.0,5.2,Bachelor's degree,0.0,10.940224437486153,10.338187785912629,0.0001683392683716,4.0,4.818608,1.2126541740991863,-0.2706104760042647,-0.3596241808181264,0.0296025789252224,High,
19-4092,0.2400518,Forensic Science Technicians,17520.0,17520.0,64940.0,2.9,Bachelor's degree,0.0,11.081219045656836,9.771098364490385,0.0001655251141552,4.0,0.9602072,0.2559650220028848,0.0128603011216478,-0.3917817082990976,0.024928458135524,Upper-middle,Faster than average
19-4099,0.4501044,"Life, Physical, and Social Science Technicians, All Other",72230.0,72230.0,58350.0,10.6,Associate's degree,0.0,10.974214637714702,11.187610751044891,0.000146753426554,3.0,1.3503132,0.4642949018739688,-0.2058835421172003,-0.260193202054974,-0.0062500518279362,Upper-middle,Faster than average
21-1012,0.9739287,"Educational, Guidance, and Career Counselors and Advisors",327660.0,327660.0,61710.0,31.0,Master's degree,0.0,11.030201271315113,12.699731764374254,9.461026673991332e-05,5.0,4.8696435,0.9838231223889952,-0.0943540560348741,0.3541671004479776,-0.0928563315791991,Upper-middle,
21-1013,1.367434,Marriage and Family Therapists,63340.0,63340.0,58510.0,7.7,Master's degree,0.0,10.97695295878228,11.056272320092631,0.0001215661509314,5.0,6.83717,1.3741011378843275,-0.2005726142085181,-0.2815754323695464,-0.0480844217916373,High,Slower than average
21-1015,0.5025014,Rehabilitation Counselors,84750.0,84750.0,44040.0,10.0,Master's degree,0.0,10.692853590836616,11.347461025242696,0.0001179941002949,5.0,2.512507,0.5162621744314385,-0.6808796569499648,-0.2300800947953062,-0.0540173575364723,Upper-middle,Slower than average
21-1021,0.7761707,"Child, Family, and School Social Workers",352160.0,352160.0,53940.0,35.1,Bachelor's degree,0.0,10.89562759669372,12.771840896760288,9.9670604270786e-05,4.0,3.1046828,0.7876870098936211,-0.3522659926002535,0.4130945068267206,-0.0844514514492526,Upper-middle,
21-1022,0.9339648,Healthcare Social Workers,185020.0,185020.0,62940.0,18.4,Master's degree,0.0,11.049937170618398,12.12821920632531,9.9448708247757e-05,5.0,4.669824,0.9441869813168066,-0.0535262977368796,0.0110893353106757,-0.0848200058121765,Upper-middle,
21-1023,1.119216,Mental Health and Substance Abuse Social Workers,114680.0,114680.0,55960.0,13.5,Master's degree,0.0,10.932392428779416,11.649900919997306,0.0001177188698988,5.0,5.59608,1.1279188667682325,-0.2852155277531407,-0.1580924510028255,-0.0544744967042709,High,
21-1091,0.691658,Health Education Specialists,57800.0,57800.0,62860.0,7.9,Bachelor's degree,0.0,11.04866531035156,10.96474405466047,0.000136678200692,4.0,2.766632,0.7038674302331885,-0.0561817616912207,-0.2949002418119235,-0.0229843240253536,Upper-middle,Slower than average
21-1092,0.5272448,Probation Officers and Correctional Treatment Specialists,85870.0,85870.0,61800.0,7.9,Bachelor's degree,0.0,11.031658643445782,11.36058980366653,9.199953417957378e-05,4.0,2.1089792,0.540802644530843,-0.0913666590862403,-0.2273862705037065,-0.0971925826863892,Upper-middle,
21-1093,0.4652255,Social and Human Service Assistants,409310.0,409310.0,41410.0,50.6,High school diploma or equivalent,0.0,10.631277676539613,12.922228094139038,0.0001236226820747,1.0,0.4652255,0.4792919880634215,-0.7681780344489285,0.5505517017061149,-0.0446686619461926,Upper-middle,
21-1094,0.0371229,Community Health Workers,58550.0,58550.0,48200.0,7.8,High school diploma or equivalent,0.0,10.783114300038692,10.977636369025864,0.000133219470538,1.0,0.0371229,0.0547004179971681,-0.5427955313242275,-0.2930963416166558,-0.0287290420741362,Upper-middle,Faster than average
21-2011,1.282559,Clergy,56640.0,56640.0,58920.0,23.0,Bachelor's degree,0.0,10.983935870576566,10.944470728367602,0.0004060734463276,4.0,5.130236,1.2899222295820345,-0.18696336144252,-0.2976902741139374,0.4244630514374813,High,
21-2021,1.210922,"Directors, Religious Activities and Education",23270.0,23270.0,50140.0,13.8,Bachelor's degree,0.0,10.822574371712284,10.054920256296338,0.0005930382466695,4.0,4.843688,1.2188727514783364,-0.4784005304314558,-0.3779518068020457,0.7349990039911469,High,
23-1011,1.328783,Lawyers,731340.0,731340.0,145760.0,31.5,Doctoral or professional degree,0.0,11.889716712493785,13.502633746877937,4.3071621954221016e-05,6.0,7.972698,1.3357671292269853,2.695542760994745,1.325098341548833,-0.1784585525458571,High,
23-1012,1.462973,Judicial Law Clerks,14680.0,14680.0,57490.0,1.0,Doctoral or professional degree,0.0,10.959366298617336,9.594241302168507,6.811989100817439e-05,6.0,8.777838000000001,1.4688565867243015,-0.2344297796263671,-0.3986124770385111,-0.1368550631389322,High,
23-1021,1.374714,"Administrative Law Judges, Adjudicators, and Hearing Officers",14670.0,14670.0,111090.0,0.5,Doctoral or professional degree,0.0,11.618095962575769,9.593559871137028,3.408316291751875e-05,6.0,8.248284,1.3813214318747922,1.5447310697821706,-0.3986365290411146,-0.1933877781746837,High,
23-1022,1.431593,"Arbitrators, Mediators, and Conciliators",7060.0,7060.0,71540.0,0.3,Bachelor's degree,0.0,11.178012012813008,8.862200330487287,4.249291784702549e-05,4.0,5.726372,1.4377339458697982,0.2319360773547887,-0.4169401030224303,-0.1794197411270559,High,
23-1023,1.496494,"Judges, Magistrate Judges, and Magistrates",24470.0,24470.0,148910.0,0.9,Doctoral or professional degree,0.0,11.911097375584252,10.105203156436716,3.677973028197793e-05,6.0,8.978964,1.5021026684350662,2.800101654196926,-0.3750655664896175,-0.1889089612336531,High,
23-2011,1.292055,Paralegals and Legal Assistants,354890.0,354890.0,60970.0,39.3,Associate's degree,0.0,11.01813721890186,12.779563161286356,0.0001107385387021,3.0,3.876165,1.2993403493256406,-0.1189170976125292,0.4196607035374948,-0.0660683571172947,High,
23-2093,1.279954,"Title Examiners, Abstractors, and Searchers",49760.0,49760.0,53550.0,5.4,High school diploma or equivalent,0.0,10.888371075875895,10.81496672741306,0.0001085209003215,1.0,1.279954,1.2873385941637432,-0.3652113793776664,-0.3142380519051926,-0.0697517052431282,High,
25-1011,1.349314,"Business Teachers, Postsecondary",82980.0,82980.0,97130.0,8.1,Doctoral or professional degree,0.0,11.483805566396375,11.326354893886858,9.761388286334056e-05,6.0,8.095884,1.3561297467981708,1.0813526097496484,-0.2343372992561378,-0.087867527310756,High,
25-1021,1.277778,"Computer Science Teachers, Postsecondary",36150.0,36150.0,96430.0,3.5,Doctoral or professional degree,0.0,11.47657263550443,10.49543222758691,9.681881051175655e-05,6.0,7.666668,1.2851804403556044,1.0581173001491635,-0.3469728274486494,-0.0891880889865195,High,
25-1022,1.338676,"Mathematical Science Teachers, Postsecondary",48230.0,48230.0,81020.0,4.4,Doctoral or professional degree,0.0,11.30245131675668,10.783736513063015,9.122952519178935e-05,6.0,8.032056,1.3455789930247417,0.5466085559442092,-0.3179180083035385,-0.098471515801389,High,
25-1031,1.222022,"Architecture Teachers, Postsecondary",8350.0,8350.0,105770.0,0.9,Doctoral or professional degree,0.0,11.5690222043221,9.0300168178449,0.0001077844311377,6.0,7.332132,1.229881716216545,1.3681427168184874,-0.41383739468657,-0.0709749310006261,High,
25-1032,1.351133,"Engineering Teachers, Postsecondary",38370.0,38370.0,106910.0,4.1,Doctoral or professional degree,0.0,11.579742638007543,10.555031183241,0.0001068543132655,6.0,8.106798,1.3579338284971618,1.405983078167848,-0.3416332828706571,-0.072519794198875,High,
25-1041,0.7546685,"Agricultural Sciences Teachers, Postsecondary",7550.0,7550.0,85260.0,0.8,Doctoral or professional degree,0.0,11.3534606903192,8.92930284224307,0.0001059602649006,6.0,4.528010999999999,0.7663611574977734,0.6873481455242876,-0.4157615548948554,-0.0740047483727017,Upper-middle,
25-1042,1.227677,"Biological Science Teachers, Postsecondary",52050.0,52050.0,83920.0,5.4,Doctoral or professional degree,0.0,11.33761924307018,10.859960074043116,0.0001037463976945,6.0,7.366061999999999,1.235490337441281,0.6428691242890741,-0.3087301433089753,-0.077681832831532,High,
25-1043,1.260278,"Forestry and Conservation Science Teachers, Postsecondary",1260.0,1260.0,101650.0,0.1,Doctoral or professional degree,0.0,11.529290819056492,7.138866999945524,7.936507936507937e-05,6.0,7.561668,1.267823964416987,1.2313863231699207,-0.4308902645325,-0.1181775619639944,High,
25-1051,1.306156,"Atmospheric, Earth, Marine, and Space Sciences Teachers, Postsecondary",11770.0,11770.0,100690.0,1.0,Doctoral or professional degree,0.0,11.51980176890966,9.373309200254322,8.496176720475786e-05,6.0,7.836936000000001,1.3133257017376658,1.1995207557178271,-0.4056116097961495,-0.1088818400619981,High,
25-1052,1.333947,"Chemistry Teachers, Postsecondary",20210.0,20210.0,85810.0,1.9,Doctoral or professional degree,0.0,11.359890828801166,9.913932810397666,9.401286491835724e-05,6.0,8.003682,1.3408887773268148,0.7056044602103826,-0.3853117195987376,-0.0938485758057863,High,
25-1053,1.347519,"Environmental Science Teachers, Postsecondary",7120.0,7120.0,88410.0,0.7,Doctoral or professional degree,0.0,11.38974036439985,8.87066300440602,9.831460674157303e-05,6.0,8.085113999999999,1.3543494682661812,0.7919070387264684,-0.4167957910068089,-0.0867036721005445,High,
25-1054,1.044191,"Physics Teachers, Postsecondary",14030.0,14030.0,98020.0,1.3,Doctoral or professional degree,0.0,11.49292681846354,9.548953173096509,9.265858873841768e-05,6.0,6.2651460000000005,1.053509174922818,1.110894646241693,-0.400175857207743,-0.0960979374117641,High,
25-1061,1.321694,"Anthropology and Archeology Teachers, Postsecondary",5030.0,5030.0,93650.0,0.5,Doctoral or professional degree,0.0,11.447319707872234,8.523175263093785,9.940357852882704e-05,6.0,7.930163999999999,1.3287362687739075,0.9658399277358104,-0.4218226595509547,-0.0848949632385518,High,
25-1062,1.308699,"Area, Ethnic, and Cultural Studies Teachers, Postsecondary",11570.0,11570.0,86030.0,1.1,Doctoral or professional degree,0.0,11.362451351615396,9.356170820187725,9.507346585998271e-05,6.0,7.852194000000001,1.3158478456412033,0.7129069860848206,-0.4060926498482209,-0.0920869890093155,High,
25-1063,1.319012,"Economics Teachers, Postsecondary",12210.0,12210.0,115300.0,1.2,Doctoral or professional degree,0.0,11.65529270625715,9.41001056710475,9.828009828009828e-05,6.0,7.914072000000001,1.3260762648614866,1.684474860379371,-0.4045533216815925,-0.0867609883329884,High,
25-1064,1.318899,"Geography Teachers, Postsecondary",3480.0,3480.0,85600.0,0.3,Doctoral or professional degree,0.0,11.357440562129833,8.15478757276852,8.620689655172413e-05,6.0,7.913394,1.3259641916168543,0.6986338673302372,-0.4255507199545079,-0.1068137640011261,High,
25-1065,1.368397,"Political Science Teachers, Postsecondary",17090.0,17090.0,93810.0,1.6,Doctoral or professional degree,0.0,11.449026739119995,9.746248776109637,9.362200117027502e-05,6.0,8.210382000000001,1.3750562399602642,0.9711508556444928,-0.392815944411051,-0.094497774190228,High,
25-1066,1.33366,"Psychology Teachers, Postsecondary",40610.0,40610.0,82140.0,4.0,Doctoral or professional degree,0.0,11.316180387510547,10.611769620680343,9.849790691947795e-05,6.0,8.00196,1.3406041311214216,0.5837850513049846,-0.3362456342874578,-0.086399222839267,High,
25-1067,1.349229,"Sociology Teachers, Postsecondary",12870.0,12870.0,82670.0,1.1,Doctoral or professional degree,0.0,11.32261205824672,9.462654300590172,8.547008547008548e-05,6.0,8.095374,1.3560454439150404,0.6013775000024943,-0.402965889509757,-0.1080375576278965,High,
25-1071,0.924754,"Health Specialties Teachers, Postsecondary",225360.0,225360.0,105650.0,27.4,Doctoral or professional degree,0.0,11.567887023044202,12.325454402550257,0.0001215832445864,6.0,5.548524,0.9350517225410684,1.3641595208869757,0.1081151138134712,-0.0480560303809788,Upper-middle,
25-1072,0.5170682,"Nursing Instructors and Teachers, Postsecondary",72700.0,72700.0,80780.0,8.6,Doctoral or professional degree,0.0,11.299484689117405,11.194096663521613,0.0001182943603851,6.0,3.1024092,0.5307095066430184,0.5386421640811859,-0.2590627579326063,-0.0535186457311435,Upper-middle,
25-1081,1.192988,"Education Teachers, Postsecondary",60860.0,60860.0,73240.0,5.6,Doctoral or professional degree,0.0,11.201496998788446,11.016331423450962,9.201445941505091e-05,6.0,7.157928,1.2010858349364415,0.2883646863845371,-0.2875403290152314,-0.097167792874577,High,
25-1082,1.386292,"Library Science Teachers, Postsecondary",4220.0,4220.0,80310.0,0.4,Doctoral or professional degree,0.0,11.293649425182508,8.347590407030058,9.478672985781992e-05,6.0,8.317752,1.3928044763557814,0.5230413133494319,-0.4237708717618438,-0.0925632382145149,High,
25-1111,1.389999,"Criminal Justice and Law Enforcement Teachers, Postsecondary",13390.0,13390.0,69030.0,1.2,Doctoral or professional degree,0.0,11.142296471697522,9.50226343868522,8.961911874533233e-05,6.0,8.339994,1.396481073858893,0.1486208957873366,-0.4017151853743714,-0.1011462925451115,High,
25-1112,1.35645,"Law Teachers, Postsecondary",14570.0,14570.0,127360.0,2.2,Doctoral or professional degree,0.0,11.75477300107821,9.58671989918925,0.0001509951956074,6.0,8.1387,1.3632072217866262,2.084786051496292,-0.3988770490671503,0.0007952411421094,High,
25-1113,1.347327,"Social Work Teachers, Postsecondary",11730.0,11730.0,75020.0,1.3,Doctoral or professional degree,0.0,11.22551002363588,9.36990494164752,0.0001108269394714,6.0,8.083962,1.3541590429301689,0.3474487593686266,-0.4057078178065638,-0.06592152938794,High,
25-1121,0.7582769,"Art, Drama, and Music Teachers, Postsecondary",101500.0,101500.0,80360.0,9.0,Master's degree,0.0,11.294271818928872,11.52781407746398,8.866995073891625e-05,5.0,3.7913845,0.7699399636564538,0.5247009783208951,-0.1897929904343288,-0.1027227967344935,Upper-middle,
25-1122,1.347435,"Communications Teachers, Postsecondary",28520.0,28520.0,79910.0,2.7,Doctoral or professional degree,0.0,11.288656280368508,10.258360874528233,9.467040673211782e-05,6.0,8.08461,1.354266157181676,0.5097639935777264,-0.3653245054351722,-0.0927564430989523,High,
25-1123,1.417833,"English Language and Literature Teachers, Postsecondary",57600.0,57600.0,78130.0,5.1,Doctoral or professional degree,0.0,11.26612938499079,10.961277846683982,8.854166666666666e-05,6.0,8.506998,1.4240867967889197,0.4506799205936369,-0.2953812818639948,-0.1029358679462973,High,
25-1124,1.33412,"Foreign Language and Literature Teachers, Postsecondary",20820.0,20820.0,78760.0,1.9,Doctoral or professional degree,0.0,11.27416053275306,9.94366934216896,9.125840537944284e-05,6.0,8.004719999999999,1.3410603584889509,0.471591699234073,-0.3838445474399199,-0.0984235477530371,High,
25-1125,1.43749,"History Teachers, Postsecondary",20610.0,20610.0,82140.0,1.7,Doctoral or professional degree,0.0,11.316180387510547,9.933531673884504,8.248423095584667e-05,6.0,8.624939999999999,1.4435825823617996,0.5837850513049846,-0.3843496394945949,-0.1129968610586518,High,
25-1126,1.363522,"Philosophy and Religion Teachers, Postsecondary",20320.0,20320.0,79930.0,2.0,Doctoral or professional degree,0.0,11.288906530620064,9.919360901692418,9.84251968503937e-05,6.0,8.181132,1.3702212216630778,0.5104278595663116,-0.3850471475700984,-0.0865199893713738,High,
25-1192,1.211652,"Family and Consumer Sciences Teachers, Postsecondary",2660.0,2660.0,78410.0,0.2,Doctoral or professional degree,0.0,11.269706749224968,7.886081401775745,7.518796992481204e-05,6.0,7.269912,1.219596764474633,0.4599740444338308,-0.4275229841680005,-0.1251154596676403,High,
25-1193,1.16489,"Recreation and Fitness Studies Teachers, Postsecondary",13270.0,13270.0,75770.0,1.1,Doctoral or professional degree,0.0,11.23545771492542,9.493261127326251,8.289374529012811e-05,6.0,6.98934,1.173218277169398,0.3723437339405744,-0.4020038094056142,-0.1123166853055264,High,
25-1194,0.1622185,"Career/Technical Education Teachers, Postsecondary",111180.0,111180.0,62060.0,8.8,Bachelor's degree,0.0,11.035856938002372,11.61890578850746,7.915092642561613e-05,4.0,0.648874,0.1787700620787037,-0.0827364012346317,-0.1665106519140745,-0.1185332555861457,Upper-middle,
25-2011,0.0306372,"Preschool Teachers, Except Special Education",430240.0,430240.0,37130.0,65.5,Associate's degree,0.0,10.522180547171123,12.972098471502692,0.0001522406098921,3.0,0.0919116,0.0482679096545915,-0.9102453560061774,0.6008925431553839,0.0028637904654514,Upper-middle,
25-2012,0.3644047,"Kindergarten Teachers, Except Special Education",118580.0,118580.0,62690.0,12.8,Bachelor's degree,0.0,11.045957224268014,11.68334311726136,0.0001079440040479,4.0,1.4576188,0.3792980572455856,-0.0618246225941956,-0.1487121699874337,-0.0707098911344452,Upper-middle,
25-2021,0.8869491,"Elementary School Teachers, Except Special Education",1410070.0,1410070.0,63680.0,91.0,Bachelor's degree,0.0,11.061625820518264,14.15914990651213,6.453580318707581e-05,4.0,3.5477964,0.8975568747003928,-0.0289632561592244,2.9575799142608417,-0.1428079918374136,Upper-middle,
25-2022,1.286445,"Middle School Teachers, Except Special and Career/Technical Education",626690.0,626690.0,64290.0,40.5,Bachelor's degree,0.0,11.071159377135732,13.348207279487406,6.462525331503614e-05,4.0,5.14578,1.2937763590390323,-0.0087153435073735,1.0733941343024882,-0.142659421193948,High,
25-2023,0.5199191,"Career/Technical Education Teachers, Middle School",12210.0,12210.0,63860.0,0.9,Bachelor's degree,0.0,11.064448466268772,9.41001056710475,7.371007371007371e-05,4.0,2.0796764,0.5335370253432129,-0.022988462261957,-0.4045533216815925,-0.127570145833058,Upper-middle,
25-2031,1.191325,"Secondary School Teachers, Except Special and Career/Technical Education",1045170.0,1045170.0,65220.0,66.2,Bachelor's degree,0.0,11.085521449343313,13.859690109576023,6.333897834801994e-05,4.0,4.7653,1.1994364738229604,0.0221544249618417,2.0799223392566253,-0.1447958373610446,High,
25-2032,0.3734505,"Career/Technical Education Teachers, Secondary School",90070.0,90070.0,65130.0,6.2,Bachelor's degree,0.0,11.084140551540449,11.40834242477779,6.883535028311313e-05,4.0,1.493802,0.388269669248188,0.0191670280132079,-0.2172844294102077,-0.1356667334263327,Upper-middle,
25-2051,0.3750564,"Special Education Teachers, Preschool",24850.0,24850.0,65270.0,2.1,Bachelor's degree,0.0,11.086287791629264,10.120613031524774,8.450704225352113e-05,4.0,1.5002256,0.389862398660178,0.0238140899333049,-0.3741515903906818,-0.1096371076076753,Upper-middle,
25-2052,0.7357486,"Special Education Teachers, Kindergarten and Elementary School",212850.0,212850.0,64910.0,15.4,Bachelor's degree,0.0,11.080756974027514,12.2683429712563,7.23514211886305e-05,4.0,2.9429944,0.7475964266914281,0.0118645021387699,0.078026058556407,-0.1298267762477906,Upper-middle,
25-2059,-0.6632917,"Special Education Teachers, All Other",43700.0,43700.0,67190.0,2.9,Bachelor's degree,0.0,11.115279705914196,10.685103381083682,6.636155606407323e-05,4.0,-2.6531668,-0.6399698192574688,0.0875452248374913,-0.3288135654829551,-0.1397755391631704,Lower-middle,
25-3011,1.348951,"Adult Basic Education, Adult Secondary Education, and English as a Second Language Instructors",36890.0,36890.0,60560.0,3.9,Bachelor's degree,0.0,11.01138988811133,10.51569579059072,0.0001057197072377,4.0,5.395804,1.3557697238972726,-0.1325263503785274,-0.3451929792559853,-0.0744042984637616,High,
25-3021,0.526352,Self-Enrichment Teachers,272110.0,272110.0,45330.0,51.4,High school diploma or equivalent,0.0,10.721724343934897,12.513961675290442,0.0001888941971996,1.0,0.526352,0.5399171667183861,-0.6380603006862146,0.2205582259851543,0.0637429325726007,Upper-middle,
25-3099,1.32533,"Teachers and Instructors, All Other",118290.0,118290.0,64390.0,18.0,Bachelor's degree,0.0,11.072713620532229,11.680894515539782,0.0001521683996956,4.0,5.30132,1.3323424485746396,-0.0053960135644472,-0.1494096780629372,0.0027438541880874,High,
25-4011,0.6765602,Archivists,7150.0,7150.0,59910.0,1.1,Master's degree,0.0,11.00059871507797,8.874867635688053,0.0001538461538461,5.0,3.382801,0.6888934529516998,-0.1541019950075488,-0.4167236349989982,0.0055304909363998,Upper-middle,
25-4012,0.7366658,Curators,12510.0,12510.0,61750.0,1.8,Master's degree,0.0,11.030849254490224,9.434283603460957,0.0001438848920863,5.0,3.683329,0.7485061043903367,-0.0930263240577035,-0.4038317616034854,-0.0110144945558807,Upper-middle,Little or no change
25-4013,-0.0912107,Museum Technicians and Conservators,12670.0,12670.0,48670.0,1.9,Bachelor's degree,0.0,10.7928181028275,9.446992273315184,0.0001499605367008,4.0,-0.3648428,-0.0725806700323242,-0.5271946805924735,-0.4034469295618283,-0.0009232576797243,Upper-middle,
25-4031,0.037965,Library Technicians,76670.0,76670.0,39310.0,13.0,Postsecondary nondegree award,0.0,10.579234218415904,11.24726577655294,0.000169557845311,2.0,0.07593,0.0555356116193343,-0.8378839632503824,-0.2495141128989896,0.0316265532238849,Upper-middle,Faster than average
25-9021,0.8604031,Farm and Home Management Educators,8110.0,8110.0,59770.0,1.1,Master's degree,0.0,10.9982591418183,9.000853147109458,0.0001356350184956,5.0,4.3020155,0.8712285883994481,-0.1587490569276458,-0.4144146427490556,-0.0247169794580367,Upper-middle,
25-9031,1.301855,Instructional Coordinators,207270.0,207270.0,74620.0,21.9,Master's degree,0.0,11.220163846775147,12.24177757015095,0.0001056592849905,5.0,6.509275,1.3090599758512662,0.3341714395969211,0.0646050411036157,-0.0745046557504664,High,Faster than average
27-1011,1.02251,Art Directors,51200.0,51200.0,106500.0,12.3,Bachelor's degree,0.0,11.575900264131617,10.8434948110276,0.000240234375,4.0,4.09004,1.032005988932809,1.3923738254018498,-0.3107745635302787,0.1490155132313787,High,
27-1012,-0.9295284,Craft Artists,5830.0,5830.0,36600.0,1.0,No formal educational credential,0.0,10.507803519389457,8.670772279344538,0.0001715265866209,0.0,-0.0,-0.9040230122590018,-0.9278378047036872,-0.4198984993426692,0.0348965000634455,Low,Slower than average
27-1013,-0.5690498,"Fine Artists, Including Painters, Sculptors, and Illustrators",10910.0,10910.0,59300.0,2.2,Bachelor's degree,0.0,10.990364584985818,9.297435078827116,0.0002016498625114,4.0,-2.2761992,-0.5465008324140652,-0.1743499076593997,-0.4076800820200564,0.0849292343299993,Lower-middle,
27-1014,0.7058651,Special Effects Artists and Animators,29940.0,29940.0,99060.0,5.0,Bachelor's degree,0.0,11.503481006142229,10.30695065797362,0.0001670006680026,4.0,2.8234604,0.717958012479333,1.1454156776481277,-0.3619091210654654,0.0273792537864448,Upper-middle,
27-1021,0.867039,Commercial and Industrial Designers,30810.0,30810.0,76250.0,2.5,Bachelor's degree,0.0,11.241772694469658,10.335594591590713,8.114248620577734e-05,4.0,3.468156,0.8778100648955093,0.388276517666621,-0.359816596838955,-0.115225408802852,Upper-middle,Faster than average
27-1022,0.5801539,Fashion Designers,19940.0,19940.0,79290.0,2.3,Bachelor's degree,0.0,11.280867296266443,9.900483043515829,0.0001153460381143,4.0,2.3206156,0.5932778171642081,0.4891841479315829,-0.385961123669034,-0.0584156106310845,Upper-middle,Slower than average
27-1023,-0.2718452,Floral Designers,43350.0,43350.0,34690.0,5.1,High school diploma or equivalent,0.0,10.454206739963796,10.677061982208688,0.0001176470588235,1.0,-0.2718452,-0.2517337187714177,-0.991237006613581,-0.32965538557408,-0.0545937700682276,Lower-middle,Faster than average
27-1024,0.7156958,Graphic Designers,212720.0,212720.0,58910.0,20.0,Bachelor's degree,0.0,10.983766134515731,12.2677320259169,9.40203083866115e-05,4.0,2.8627832,0.727708087222748,-0.1872952944368126,0.0777133825225606,-0.093836212705885,Upper-middle,Slower than average
27-1025,1.12168,Interior Designers,67760.0,67760.0,62510.0,7.8,Bachelor's degree,0.0,11.043081822925858,11.123727329325936,0.0001151121605667,4.0,4.48672,1.1303626585803896,-0.0677994164914631,-0.2709444472187692,-0.0588040655001485,High,Slower than average
27-1026,-1.001413,Merchandise Displayers and Window Trimmers,175790.0,175790.0,36230.0,20.8,High school diploma or equivalent,0.0,10.497642783889123,12.077045379793937,0.0001183229990329,1.0,-1.001413,-0.9753180597022656,-0.9401193254925148,-0.011110663092418,-0.0534710788642474,Low,
27-1027,-0.0519323,Set and Exhibit Designers,10090.0,10090.0,59490.0,2.5,Bachelor's degree,0.0,10.993563510181952,9.219300113347655,0.0002477700693756,4.0,-0.2077292,-0.0336244069176168,-0.1680431807678396,-0.409652346233549,0.1615317945143133,Upper-middle,Slower than average
27-2012,0.9388108,Producers and Directors,154470.0,154470.0,82510.0,12.8,Bachelor's degree,0.0,11.32067477709839,11.947755181708295,8.286398653460219e-05,4.0,3.7552432,0.9489932374538658,0.5960665720938122,-0.0623895326432262,-0.1123661125959958,Upper-middle,
27-2021,-1.814336,Athletes and Sports Competitors,14930.0,14930.0,70280.0,2.1,No formal educational credential,0.0,11.160242542301033,9.611127890533236,0.000140656396517,0.0,-0.0,-1.7815739733850344,0.1901125200739163,-0.3980111769734218,-0.0163768084517564,Low,Faster than average
27-2022,0.1168668,Coaches and Scouts,238980.0,238980.0,45910.0,41.8,Bachelor's degree,0.0,10.734438237243268,12.384135145403745,0.0001749100343124,4.0,0.4674672,0.1337903083743961,-0.6188081870172416,0.1408739413595316,0.0405161790078011,Upper-middle,
27-2023,-0.0325617,"Umpires, Referees, and Other Sports Officials",14840.0,14840.0,35820.0,4.6,High school diploma or equivalent,0.0,10.486261675614704,9.605081516721372,0.0003099730458221,1.0,-0.0325617,-0.0144126724709552,-0.953728578258513,-0.398227644996854,0.2648467527693635,Upper-middle,
27-2032,-1.575769,Choreographers,4190.0,4190.0,52000.0,0.7,High school diploma or equivalent,0.0,10.858998997563564,8.340456012916183,0.0001670644391408,1.0,-1.575769,-1.5449635507994302,-0.4166609934930252,-0.4238430277696545,0.0274851733557506,Low,
27-2041,0.8829641,Music Directors and Composers,10770.0,10770.0,62590.0,4.3,Bachelor's degree,0.0,11.044360799918747,9.284519770150434,0.0003992571959145,4.0,3.5318564,0.8936045571795134,-0.0651439525371219,-0.4080168100565063,0.4131417181650789,Upper-middle,
27-3011,0.8493547,Broadcast Announcers and Radio Disc Jockeys,25070.0,25070.0,44890.0,2.3,Bachelor's degree,0.0,10.711970331775978,10.12942719115234,9.174311926605505e-05,4.0,3.3974188,0.8602708004702928,-0.6526653524350906,-0.3736224463334033,-0.0976184706036491,Upper-middle,
27-3031,1.284927,Public Relations Specialists,275550.0,275550.0,66750.0,27.6,Bachelor's degree,0.0,11.108709576262497,12.52652437931138,0.0001001633097441,4.0,5.139708,1.2922708087261856,0.0729401730886152,0.2288321148807819,-0.083633100812025,High,Little or no change
27-3041,1.128221,Editors,95700.0,95700.0,75020.0,9.8,Bachelor's degree,0.0,11.22551002363588,11.468973577441046,0.0001024033437826,4.0,4.512884,1.136850013386932,0.3474487593686266,-0.2037431519443986,-0.0799125550053905,High,Little or no change
27-3042,1.184001,Technical Writers,47970.0,47970.0,80050.0,4.5,Bachelor's degree,0.0,11.29040671842486,10.77833109449611,9.380863039399623e-05,4.0,4.736004,1.192172540692993,0.5144110554978233,-0.3185433603712314,-0.0941877956078604,High,Faster than average
27-3043,0.9879274,Writers and Authors,49450.0,49450.0,73690.0,13.4,Bachelor's degree,0.0,11.207622383761043,10.808717337050858,0.0002709807886754,4.0,3.9517096,0.9977070138016764,0.3033016711277058,-0.3149836639859032,0.200083237427865,Upper-middle,
27-3091,1.111319,Interpreters and Translators,51560.0,51560.0,57090.0,6.9,Bachelor's degree,0.0,10.952384248958303,10.850501457053124,0.000133824670287,4.0,4.445276,1.120086633026103,-0.2477070993980727,-0.3099086914365502,-0.0277238460147146,High,
27-4011,-0.0117747,Audio and Video Technicians,66700.0,66700.0,51640.0,7.3,Postsecondary nondegree award,0.0,10.85205184496058,11.107960231903714,0.0001094452773613,2.0,-0.0235494,0.0062038455482466,-0.4286105812875602,-0.2734939594947474,-0.0682163771811577,Upper-middle,
27-4012,0.1222249,Broadcast Technicians,26190.0,26190.0,57690.0,1.8,Associate's degree,0.0,10.962839127250936,10.173132937501755,6.872852233676977e-05,3.0,0.3666747,0.1391044645873506,-0.2277911197405144,-0.3709286220418036,-0.1358441674567835,Upper-middle,
27-4014,0.4715462,Sound Engineering Technicians,14600.0,14600.0,59430.0,1.2,Postsecondary nondegree award,0.0,10.992554428360709,9.588776807696428,8.219178082191781e-05,2.0,0.9430924,0.4855608496328625,-0.1700347787335955,-0.3988048930593396,-0.1134826010522121,Upper-middle,Slower than average
27-4021,-0.1680973,Photographers,53630.0,53630.0,40760.0,12.7,High school diploma or equivalent,0.0,10.615456487336662,10.88986389197697,0.0002368077568525,1.0,-0.1680973,-0.1488366941981573,-0.7897536790779499,-0.3049299268976115,0.1433241310646631,Lower-middle,
27-4031,-0.4470009,"Camera Operators, Television, Video, and Film",23940.0,23940.0,61800.0,2.9,Bachelor's degree,0.0,11.031658643445782,10.083305979111964,0.0001211361737677,4.0,-1.7880036,-0.4254529012035115,-0.0913666590862403,-0.3763403226276066,-0.0487985849275352,Lower-middle,
27-4032,0.985707,Film and Video Editors,29240.0,29240.0,66600.0,3.6,Bachelor's degree,0.0,11.10645985652848,10.283292913863717,0.0001231190150478,4.0,3.942828,0.9955048241345846,0.0679611781742257,-0.3635927612477153,-0.0455052189861328,Upper-middle,
29-1011,-0.1911757,Chiropractors,41480.0,41480.0,76530.0,2.8,Doctoral or professional degree,0.0,11.245438099803966,10.632966662343463,6.750241080038572e-05,6.0,-1.1470542,-0.1717258195868306,0.3975706415068148,-0.3341531100609473,-0.1378806562139821,Lower-middle,Faster than average
29-1021,-0.1813301,"Dentists, General",121640.0,121640.0,166300.0,3.9,Doctoral or professional degree,0.0,12.02154866518102,11.7088211417913,3.2061821769154884e-05,6.0,-1.0879806,-0.1619609670439021,3.377333131271823,-0.1413522571907418,-0.1967450898065812,Lower-middle,
29-1022,-0.2389668,Oral and Maxillofacial Surgeons,4160.0,4160.0,205380.0,0.2,Doctoral or professional degree,0.0,12.232617200752284,8.333270353255308,4.807692307692308e-05,6.0,-1.4338008,-0.2191249668571189,4.674527272967452,-0.4239151837774652,-0.1701450841864961,Lower-middle,
29-1023,0.1616631,Orthodontists,6400.0,6400.0,91420.0,0.2,Doctoral or professional degree,0.0,11.423219551885737,8.764053269347762,3.125e-05,6.0,0.9699786,0.1782192171223432,0.8918188700085523,-0.4185275351942658,-0.1980934711378659,Upper-middle,
29-1024,-0.1561403,Prosthodontists,570.0,570.0,234000.0,0.0,Doctoral or professional degree,0.0,12.36307639433984,6.345636360828596,0.0,6.0,-0.9368418,-0.1369777580382691,5.62451950263298,-0.4325498527121463,-0.2499976183332669,Lower-middle,
29-1031,1.342809,Dietitians and Nutritionists,73860.0,73860.0,69680.0,6.2,Bachelor's degree,0.0,11.151668611526384,11.209926688406554,8.394259409694016e-05,4.0,5.371236,1.3496780967421305,0.1701965404163581,-0.2562727256305923,-0.1105746180141826,High,
29-1041,0.5040194,Optometrists,41390.0,41390.0,131860.0,2.4,Doctoral or professional degree,0.0,11.78949603266729,10.630794584742778,5.798502053636144e-05,6.0,3.0241164,0.5177677247442855,2.234155898927979,-0.3343695780843794,-0.1536884010197419,Upper-middle,
29-1051,0.6058705,Pharmacists,331700.0,331700.0,136030.0,14.2,Doctoral or professional degree,0.0,11.820630728627476,12.711986224935144,4.280976786252638e-05,6.0,3.635223,0.6187835056855248,2.3725719575480086,0.3638841094998193,-0.1788934745720663,Upper-middle,
29-1071,0.1059147,Physician Assistants,145740.0,145740.0,130020.0,12.0,Master's degree,0.0,11.77544356375846,11.889579491224271,8.233841086867023e-05,5.0,0.5295735,0.1229280306528345,2.173080227978134,-0.0833869309161415,-0.1132390584112551,Upper-middle,
29-1081,0.6279185,Podiatrists,9470.0,9470.0,141650.0,0.3,Doctoral or professional degree,0.0,11.861114505258662,9.155884186180124,3.167898627243928e-05,6.0,3.767511,0.6406506817709322,2.5591183003404714,-0.4111435703949703,-0.1973809538057221,Upper-middle,
29-1122,0.1151615,Occupational Therapists,144840.0,144840.0,96370.0,10.2,Master's degree,0.0,11.475950228845331,11.883384963879578,7.04225352112676e-05,5.0,0.5758075,0.1320989941790747,1.056125702183408,-0.0855516111504627,-0.1330305260619406,Upper-middle,Faster than average
29-1123,-0.3581922,Physical Therapists,240820.0,240820.0,99710.0,13.2,Doctoral or professional degree,0.0,11.510021251822838,12.39180504544621,5.481272319574786e-05,6.0,-2.1491532,-0.3373725546498048,1.1669913222771489,0.1452995098385882,-0.1589573734394151,Lower-middle,Faster than average
29-1124,-0.2189393,Radiation Therapists,16640.0,16640.0,98300.0,0.9,Associate's degree,0.0,11.495779306135258,9.7195647143752,5.408653846153846e-05,3.0,-0.6568179000000001,-0.1992617198936529,1.120188770081887,-0.3938982845282116,-0.1601635174181497,Lower-middle,Slower than average
29-1125,0.2190109,Recreational Therapists,15540.0,15540.0,57120.0,1.3,Bachelor's degree,0.0,10.952909597013466,9.65117262392164,8.365508365508366e-05,4.0,0.8760436,0.2350966863127791,-0.2467113004151948,-0.3965440048146041,-0.1110521535116013,Upper-middle,Faster than average
29-1126,-0.1880507,Respiratory Therapists,129750.0,129750.0,77960.0,8.8,Associate's degree,0.0,11.263951153621496,11.773364801028135,6.782273603082852e-05,3.0,-0.5641520999999999,-0.1686264488835061,0.445037059690662,-0.1218460830792476,-0.1373486175608204,Lower-middle,Faster than average
29-1127,1.146267,Speech-Language Pathologists,172100.0,172100.0,89290.0,13.3,Master's degree,0.0,11.399644778511265,12.05583098219963,7.728065078442767e-05,5.0,5.731335,1.154748011374834,0.8211171422242205,-0.0199858520531348,-0.1216396575757847,High,Faster than average
29-1128,-0.0331901,Exercise Physiologists,8060.0,8060.0,54860.0,1.7,Bachelor's degree,0.0,10.912539764491594,8.994668835500674,0.0002109181141439,4.0,-0.1327604,-0.0150359187269454,-0.3217281571253308,-0.4145349027620734,0.1003231766332116,Upper-middle,Faster than average
29-1131,-0.0749958,Veterinarians,78220.0,78220.0,119100.0,3.0,Doctoral or professional degree,0.0,11.687718755343392,11.267280648309503,3.83533623114293e-05,6.0,-0.4499748,-0.0564987545067766,1.810609398210573,-0.2457860524954364,-0.1862952643220358,Upper-middle,Faster than average
29-1141,0.2294097,Registered Nurses,3175390.0,3175390.0,86070.0,189.1,Bachelor's degree,0.0,11.36291619764352,14.97094101741104,5.955174010121592e-05,4.0,0.9176388,0.2454102018550929,0.7142347180619912,7.203528037874007,-0.151086185246682,Upper-middle,
29-1151,0.2413191,Nurse Anesthetists,47810.0,47810.0,212650.0,2.7,Master's degree,0.0,12.26740290068178,10.77499010162015,5.647354110018825e-05,5.0,1.2065955000000002,0.2572219284004282,4.915842559818199,-0.3189281924128884,-0.1561988666561564,Upper-middle,
29-1161,0.1966265,Nurse Midwives,6960.0,6960.0,129650.0,0.5,Master's degree,0.0,11.77259379096681,8.847934753328465,7.183908045977011e-05,5.0,0.9831325,0.2128958691699002,2.160798707189306,-0.417180623048466,-0.1306777397231495,Upper-middle,Slower than average
29-1171,0.1900572,Nurse Practitioners,280140.0,280140.0,126260.0,29.5,Master's degree,0.0,11.746098551921616,12.543044757193035,0.0001053044906118,5.0,0.950286,0.2063804464622683,2.048273422124102,0.2398719840758198,-0.0750939453395545,Upper-middle,Faster than average
29-1181,0.6329063,Audiologists,13880.0,13880.0,87740.0,0.7,Doctoral or professional degree,0.0,11.382133174720204,9.538204234060796,5.043227665706052e-05,6.0,3.7974378,0.6455975749530256,0.7696675281088616,-0.4005366372467965,-0.1662330003810347,Upper-middle,Faster than average
29-2031,-0.0909526,Cardiovascular Technologists and Technicians,55660.0,55660.0,66170.0,3.8,Associate's degree,0.0,11.099982467006106,10.92701703507988,6.827164929931729e-05,3.0,-0.2728578,-0.0723246868071952,0.0536880594196422,-0.3000473703690871,-0.1366030028291209,Upper-middle,
29-2032,-0.264054,Diagnostic Medical Sonographers,82780.0,82780.0,84470.0,5.8,Associate's degree,0.0,11.344151720721545,11.323941765302724,7.00652331481034e-05,3.0,-0.792162,-0.2440064173238204,0.6611254389751692,-0.2348183393082092,-0.1336239807460909,Lower-middle,Faster than average
29-2033,0.0855276,Nuclear Medicine Technologists,16560.0,16560.0,92500.0,0.9,Associate's degree,0.0,11.434963923500517,9.71474542793925,5.434782608695653e-05,3.0,0.2565828,0.1027081329037955,0.9276676333921572,-0.3940907005490402,-0.1597295362543086,Upper-middle,
29-2034,-0.5559037,Radiologic Technologists and Technicians,221170.0,221170.0,73410.0,12.9,Associate's degree,0.0,11.203815445104826,12.306686915562768,5.832617443595424e-05,3.0,-1.6677111,-0.5334625485091135,0.2940075472875119,0.098037324722576,-0.1531217673486779,Lower-middle,
29-2035,-0.0727627,Magnetic Resonance Imaging Technologists,41340.0,41340.0,83740.0,2.6,Associate's degree,0.0,11.335472039573135,10.62958583323576,6.289308176100629e-05,3.0,-0.2182880999999999,-0.0542839689971465,0.6368943303918067,-0.3344898380973973,-0.1455364415878057,Upper-middle,
29-2051,-0.1260282,Dietetic Technicians,24240.0,24240.0,36520.0,4.0,Associate's degree,0.0,10.505615334708905,10.09575944018325,0.0001650165016501,3.0,-0.3780846,-0.1071126186604843,-0.9304932686580284,-0.3756187625494995,0.0240836869889828,Lower-middle,Faster than average
29-2052,0.0070256,Pharmacy Technicians,460280.0,460280.0,40300.0,49.0,High school diploma or equivalent,0.0,10.604106747934772,13.039590278937396,0.0001064569392543,1.0,0.0070256,0.0248499572390343,-0.8050225968154113,0.6731447589765038,-0.07317980569229,Upper-middle,Faster than average
29-2053,-0.2203484,Psychiatric Technicians,115940.0,115940.0,39700.0,15.9,Postsecondary nondegree award,0.0,10.589106466675284,11.660828094893724,0.0001371398999482,2.0,-0.4406968,-0.2006592633362303,-0.8249385764729695,-0.1550618986747758,-0.022217472628419,Lower-middle,Faster than average
29-2055,-0.4830476,Surgical Technologists,110320.0,110320.0,60610.0,7.0,Postsecondary nondegree award,0.0,11.01221517494533,11.611140512467184,6.34517766497462e-05,2.0,-0.9660952,-0.4612039687016001,-0.1308666854070642,-0.1685791241379814,-0.1446084869720465,Lower-middle,Faster than average
29-2056,-0.3623179,Veterinary Technologists and Technicians,122000.0,122000.0,43740.0,14.3,Associate's degree,0.0,10.68601829423076,11.711776323715394,0.000117213114754,3.0,-1.0869537,-0.3414644182372306,-0.6908376467787439,-0.1404863850970133,-0.0553145219675659,Lower-middle,
29-2057,0.078734,Ophthalmic Medical Technicians,73390.0,73390.0,41780.0,12.5,Postsecondary nondegree award,0.0,10.640173035110555,11.203542965539109,0.0001703229322796,2.0,0.157468,0.0959702497645619,-0.7558965136601009,-0.25740316975296,0.0328973111961025,Upper-middle,
29-2061,-0.5137373,Licensed Practical and Licensed Vocational Nurses,630250.0,630250.0,59730.0,54.4,Postsecondary nondegree award,0.0,10.997589685726352,13.353871845050168,8.631495438318128e-05,2.0,-1.0274746,-0.4916419709652216,-0.1600767889048163,1.0819566472293587,-0.1066342872142599,Lower-middle,
29-2081,0.1013966,"Opticians, Dispensing",76770.0,76770.0,44170.0,6.8,High school diploma or equivalent,0.0,10.695801104590572,11.248569217821943,8.857626677087404e-05,1.0,0.1013966,0.1184469852849335,-0.6765645280241606,-0.2492735928729539,-0.1028783995014411,Upper-middle,
29-2091,0.066577,Orthotists and Prosthetists,8820.0,8820.0,78100.0,0.9,Master's degree,0.0,11.265745335827775,9.084777149000836,0.0001020408163265,5.0,0.332885,0.0839129538796608,0.449684121610759,-0.4127069505642022,-0.0805146887156308,Upper-middle,
29-2092,0.5648953,Hearing Aid Specialists,10250.0,10250.0,58670.0,1.0,High school diploma or equivalent,0.0,10.979683801919906,9.235032984566557,9.75609756097561e-05,1.0,0.5648953,0.578144358663809,-0.1952616862998359,-0.4092675141918919,-0.0879554026988441,Upper-middle,Slower than average
29-2099,-0.283854,"Health Technologists and Technicians, All Other",171110.0,171110.0,47470.0,13.6,Postsecondary nondegree award,0.0,10.767853211545363,12.050061903526016,7.94810355911402e-05,2.0,-0.567708,-0.2636440301000843,-0.5670266399075901,-0.0223670003108881,-0.1179849664751725,Lower-middle,
29-9091,-0.3311363,Athletic Trainers,28480.0,28480.0,57930.0,2.4,Master's degree,0.0,10.96699066409067,10.256957365525912,8.426966292134831e-05,5.0,-1.6556815,-0.3105385502299401,-0.2198247278774911,-0.3654207134455864,-0.1100313787052191,Lower-middle,Faster than average
29-9092,1.527667,Genetic Counselors,3050.0,3050.0,95770.0,0.3,Master's degree,0.0,11.469704762515663,8.022896869601457,9.836065573770493e-05,5.0,7.638335,1.5330200069741813,1.0362097225258498,-0.4265849560664613,-0.0866271878165947,High,Faster than average
29-9099,0.2295568,"Healthcare Practitioners and Technical Workers, All Other",36900.0,36900.0,63630.0,2.6,Postsecondary nondegree award,0.0,11.060840336226835,10.51596683002862,7.046070460704608e-05,2.0,0.4591136,0.2455560954328398,-0.0306229211306876,-0.3451689272533817,-0.1329671292639616,Upper-middle,
31-2011,-0.3153762,Occupational Therapy Assistants,46090.0,46090.0,67010.0,7.2,Associate's degree,0.0,11.112597140967216,10.738351285714554,0.0001562160989368,3.0,-0.9461286,-0.2949077047190716,0.0815704309402238,-0.3230651368607022,0.0094668102590612,Lower-middle,Faster than average
31-2012,-0.7734322,Occupational Therapy Aides,4430.0,4430.0,36970.0,0.6,High school diploma or equivalent,0.0,10.517862051930678,8.39615486303918,0.0001354401805869,1.0,-0.7734322,-0.7492070157213122,-0.9155562839148595,-0.4232657797071688,-0.0250405921139214,Lower-middle,Faster than average
31-2021,-0.5308535,Physical Therapist Assistants,104000.0,104000.0,64080.0,19.8,Associate's degree,0.0,11.06788758174224,11.55214617812351,0.0001903846153846,3.0,-1.5925604999999998,-0.5086177945915393,-0.0156859363875189,-0.1837799897834367,0.0662184168879457,Lower-middle,Faster than average
31-2022,-0.8823265,Physical Therapist Aides,42390.0,42390.0,33520.0,6.6,High school diploma or equivalent,0.0,10.41989755459602,10.654667764346684,0.0001556970983722,1.0,-0.8823265,-0.857208232738601,-1.0300731669458196,-0.3319643778240226,0.0086047852446689,Lower-middle,Faster than average
31-9011,-1.410233,Massage Therapists,92650.0,92650.0,55310.0,24.7,Postsecondary nondegree award,0.0,10.920709002988724,11.436584231713503,0.000266594711279,2.0,-2.820466,-1.3807851736008632,-0.3067911723821622,-0.211079012738487,0.1927982580104459,Low,Faster than average
31-9091,-0.5268759,Dental Assistants,370690.0,370690.0,46540.0,52.9,Postsecondary nondegree award,0.0,10.748067436856283,12.823121412783598,0.0001427068439936,2.0,-1.0537518,-0.5046728163804854,-0.5978964083768054,0.4576628676511331,-0.0129711531672929,Lower-middle,Faster than average
31-9092,0.1497917,Medical Assistants,763040.0,763040.0,42000.0,112.3,Postsecondary nondegree award,0.0,10.645424897265505,13.545065733532052,0.0001471744600545,2.0,0.2995834,0.1664451789247604,-0.7485939877856629,1.4013431898021456,-0.0055507435149176,Upper-middle,Faster than average
31-9093,-0.7308648,Medical Equipment Preparers,66790.0,66790.0,45280.0,10.9,High school diploma or equivalent,0.0,10.720620712877064,11.10930864771968,0.0001631980835454,1.0,-0.7308648,-0.7069887269287698,-0.6397199656576777,-0.2732774914713153,0.0210634168779307,Lower-middle,
31-9094,1.06259,Medical Transcriptionists,52420.0,52420.0,37060.0,7.4,Postsecondary nondegree award,0.0,10.520293499839353,10.867043476877395,0.0001411674933231,2.0,2.12518,1.0717572778253674,-0.9125688869662258,-0.3078402192126433,-0.0155279110484334,High,
31-9095,-0.1552654,Pharmacy Aides,43830.0,43830.0,36200.0,6.1,High school diploma or equivalent,0.0,10.496814397813862,10.688073793412856,0.0001391740816792,1.0,-0.1552654,-0.1361100334212007,-0.9411151244753928,-0.3285008894491087,-0.0188388336528588,Lower-middle,
31-9096,-0.7735824,Veterinary Assistants and Laboratory Animal Caretakers,115770.0,115770.0,36440.0,22.2,High school diploma or equivalent,0.0,10.503422351373894,11.659360743199777,0.0001917595231925,1.0,-0.7735824,-0.7493559838747967,-0.9331487326123694,-0.1554707827190365,0.0685020462397045,Lower-middle,Faster than average
31-9097,-0.2778475,Phlebotomists,137080.0,137080.0,41810.0,18.4,Postsecondary nondegree award,0.0,10.640890824350612,11.828319975988546,0.0001342281879194,2.0,-0.555695,-0.2576867916586384,-0.754900714677223,-0.1042159651708319,-0.0270536303798664,Lower-middle,
31-9099,0.1660077,"Healthcare Support Workers, All Other",102230.0,102230.0,44490.0,14.4,High school diploma or equivalent,0.0,10.703019723800088,11.53498045575106,0.0001408588476963,1.0,0.1660077,0.1825281854287956,-0.6659426722067961,-0.1880371942442683,-0.0160405506658424,Upper-middle,
33-1011,-0.5584278,First-Line Supervisors of Correctional Officers,52280.0,52280.0,70530.0,4.3,High school diploma or equivalent,0.0,11.163793430202224,10.864369167738158,8.224942616679419e-05,1.0,-0.5584278,-0.5359659474186371,0.1984108449312323,-0.3081769472490933,-0.1133868560133131,Lower-middle,
33-1012,-0.1923298,First-Line Supervisors of Police and Detectives,138140.0,138140.0,101750.0,10.9,High school diploma or equivalent,0.0,11.53027410330484,11.836022942642964,7.890545823078036e-05,1.0,-0.1923298,-0.1728704543800167,1.234705653112847,-0.1016664528948536,-0.1189409617402751,Lower-middle,
33-1021,-0.593021,First-Line Supervisors of Firefighting and Prevention Workers,84120.0,84120.0,86220.0,6.5,Postsecondary nondegree award,0.0,11.364657448301124,11.339999629816637,7.727056585829768e-05,2.0,-1.186042,-0.5702754356151954,0.7192137129763807,-0.231595370959331,-0.1216564079594745,Lower-middle,
33-2011,-1.320232,Firefighters,315460.0,315460.0,57120.0,27.1,Postsecondary nondegree award,0.0,10.952909597013466,12.661787170041466,8.590629556837635e-05,2.0,-2.640464,-1.2915223055464928,-0.2467113004151948,0.324823657271624,-0.1073130420071026,Low,
33-2021,0.062793,Fire Inspectors and Investigators,14200.0,14200.0,74160.0,1.5,Postsecondary nondegree award,0.0,11.213980200239735,9.560997243589352,0.0001056338028169,2.0,0.125586,0.0801599878824192,0.3189025218594598,-0.3997669731634823,-0.0745469799262774,Upper-middle,Faster than average
33-2022,-0.2144127,Forest Fire Inspectors and Prevention Specialists,2270.0,2270.0,54080.0,0.3,High school diploma or equivalent,0.0,10.898219710716846,7.727535110475448,0.0001321585903083,1.0,-0.2144127,-0.194772244237439,-0.3476189306801566,-0.4284610122695396,-0.030491092749192,Lower-middle,
33-3011,-0.5103183,Bailiffs,15900.0,15900.0,53040.0,1.8,High school diploma or equivalent,0.0,10.878801624859744,9.674074388208323,0.0001132075471698,1.0,-0.5103183,-0.4882510114661284,-0.3821399620865909,-0.3956781327208757,-0.0619675001914367,Lower-middle,
33-3012,-0.8875365,Correctional Officers and Jailers,351420.0,351420.0,53300.0,30.1,High school diploma or equivalent,0.0,10.883691610153935,12.769737368311883,8.565249558932332e-05,1.0,-0.8875365,-0.8623755035751836,-0.3735097042349823,0.4113146586340565,-0.1077345866941732,Low,
33-3021,0.2257696,Detectives and Criminal Investigators,106730.0,106730.0,91100.0,7.8,High school diploma or equivalent,0.0,11.41971308324805,11.57805755990801,7.30816077953715e-05,1.0,0.2257696,0.241799955679998,0.8811970141911879,-0.1772137930726625,-0.1286139854280659,Upper-middle,Faster than average
33-3031,-0.4585168,Fish and Game Wardens,6290.0,6290.0,60380.0,0.5,Bachelor's degree,0.0,11.00841320326083,8.746716349694486,7.94912559618442e-05,4.0,-1.8340672,-0.4368743549898841,-0.1385011442757949,-0.4187921072229051,-0.1179679911271593,Lower-middle,
33-3041,-0.6239931,Parking Enforcement Workers,7420.0,7420.0,46840.0,0.7,High school diploma or equivalent,0.0,10.754492817711654,8.911934336161426,9.433962264150944e-05,1.0,-0.6239931,-0.600993521810535,-0.5879384185480263,-0.4160742309287018,-0.093305853215075,Lower-middle,
33-3051,-0.6681123,Police and Sheriff's Patrol Officers,646310.0,646310.0,72280.0,53.7,High school diploma or equivalent,0.0,11.188302744706164,13.379034543821987,8.30870634834677e-05,1.0,-0.6681123,-0.6447508837094514,0.2564991189324438,1.1205841634106897,-0.1119955967947217,Lower-middle,
33-3052,-0.8205515,Transit and Railroad Police,2360.0,2360.0,72250.0,0.2,High school diploma or equivalent,0.0,11.187887605974678,7.766416898019655,8.474576271186441e-05,1.0,-0.8205515,-0.7959398726752825,0.255503319949566,-0.4282445442461075,-0.1092406089898064,Lower-middle,
33-9011,-0.5946321,Animal Control Workers,11600.0,11600.0,43170.0,1.3,High school diploma or equivalent,0.0,10.672901088549525,9.358760377094455,0.0001120689655172,1.0,-0.5946321,-0.5718733223800357,-0.7097578274534243,-0.4060204938404101,-0.0638586077014838,Lower-middle,Faster than average
33-9021,0.7483108,Private Detectives and Investigators,34600.0,34600.0,49540.0,3.9,High school diploma or equivalent,0.0,10.810535703043351,10.451608961045816,0.0001127167630057,1.0,0.7483108,0.7600555993792051,-0.4983165100890141,-0.3507008878522025,-0.0627826596631498,Upper-middle,
33-9031,0.7283933,Gambling Surveillance Officers and Gambling Investigators,10660.0,10660.0,39210.0,1.3,High school diploma or equivalent,0.0,10.576687095286378,9.274253697719836,0.0001219512195121,1.0,0.7283933,0.7403014502644961,-0.8412032931933088,-0.4082813820851456,-0.0474448487902384,Upper-middle,
33-9032,-0.3908421,Security Guards,1202940.0,1202940.0,37070.0,161.0,High school diploma or equivalent,0.0,10.520563296144775,14.00027911840128,0.0001338387617005,1.0,-0.3908421,-0.3697546805782765,-0.9122369539719332,2.4593907843331264,-0.0277004411251715,Lower-middle,
33-9091,-0.5699511,Crossing Guards and Flaggers,90780.0,90780.0,36370.0,18.0,No formal educational credential,0.0,10.501499537981037,11.416194276010456,0.0001982815598149,0.0,-0.0,-0.5473947405148353,-0.935472263572418,-0.2155767372253543,0.0793347102033161,Lower-middle,
33-9092,-0.4718385,"Lifeguards, Ski Patrol, and Other Recreational Protective Service Workers",123560.0,123560.0,30380.0,42.7,No formal educational credential,0.0,10.321539776149764,11.724482147032518,0.0003455810942052,0.0,-0.0,-0.450086798733397,-1.134300127153708,-0.1367342726908566,0.3239893250771896,Lower-middle,
33-9093,-0.5068558,Transportation Security Screeners,47950.0,47950.0,50020.0,4.7,High school diploma or equivalent,0.0,10.82017820443161,10.777914080311584,9.801876955161627e-05,1.0,-0.5068558,-0.4848169087268448,-0.4823837263629675,-0.3185914643764385,-0.087195037766253,Lower-middle,
33-9099,0.0764088,"Protective Service Workers, All Other",82500.0,82500.0,39360.0,23.3,High school diploma or equivalent,0.0,10.58050535116619,11.320553572322773,0.0002824242424242,1.0,0.0764088,0.0936641196015634,-0.8362242982789192,-0.2354917953811091,0.2190900440775334,Upper-middle,Faster than average
35-1011,-0.2676433,Chefs and Head Cooks,172370.0,172370.0,58920.0,24.4,High school diploma or equivalent,0.0,10.983935870576566,12.057398608148436,0.0001415559552126,1.0,-0.2676433,-0.2475662801287619,-0.18696336144252,-0.0193364479828384,-0.0148827019895345,Lower-middle,
35-1012,-0.2575492,First-Line Supervisors of Food Preparation and Serving Workers,1176540.0,1176540.0,38520.0,183.9,High school diploma or equivalent,0.0,10.558932865912062,13.978088485721615,0.0001563057779591,1.0,-0.2575492,-0.2375549656275051,-0.8641066697995008,2.395893497459705,0.0096157610805193,Lower-middle,
35-2011,-0.7131837,"Cooks, Fast Food",673490.0,673490.0,29260.0,82.1,No formal educational credential,0.0,10.283976674574117,13.420228426912375,0.0001219023296559,0.0,-0.0,-0.6894526362591537,-1.1714766225144833,1.185957506487189,-0.0475260515516404,Lower-middle,
35-2012,-0.6360813,"Cooks, Institution and Cafeteria",435640.0,435640.0,35320.0,69.7,No formal educational credential,0.0,10.472204654717896,12.984571493189623,0.000159994490864,0.0,-0.0,-0.6129825819500316,-0.9703252279731448,0.6138806245613109,0.0157424650030256,Lower-middle,
35-2013,-0.7867444,"Cooks, Private Household",740.0,740.0,42590.0,5.3,Postsecondary nondegree award,0.0,10.65937476291726,6.606650186198215,0.0071621621621621,2.0,-1.5734888,-0.7624100373778869,-0.7290099411223973,-0.4321409686678856,11.645871792937031,Lower-middle,
35-2014,-0.7418264,"Cooks, Restaurant",1412350.0,1412350.0,35780.0,250.7,No formal educational credential,0.0,10.48514435706271,14.160765541673412,0.0001775055758133,0.0,-0.0,-0.7178604267372696,-0.9550563102356836,2.9630637708544554,0.0448271987874081,Lower-middle,
35-2015,-0.5933817,"Cooks, Short Order",126370.0,126370.0,34130.0,20.6,No formal educational credential,0.0,10.437932041900751,11.746969390752726,0.0001630133734272,0.0,-0.0,-0.5706331773792559,-1.0098252542939687,-0.1299756599592538,0.0207566258006918,Lower-middle,
35-2021,-1.226416,Food Preparation Workers,879610.0,879610.0,32420.0,148.0,No formal educational credential,0.0,10.386530795289667,13.68723390640212,0.000168256386353,0.0,-0.0,-1.1984757257375038,-1.0665857963180096,1.6817173841519442,0.0294649174694404,Low,
35-3011,-0.6159883,Bartenders,711140.0,711140.0,31510.0,129.6,No formal educational credential,0.0,10.35806023475132,13.474624595168509,0.0001822425963945,0.0,-0.0,-0.593054372176624,-1.0967916987986397,1.2765132962896246,0.0526950712197989,Lower-middle,
35-3031,-0.9481003,Waiters and Waitresses,2237850.0,2237850.0,31940.0,456.7,No formal educational credential,0.0,10.371614421769005,14.621026141479105,0.000204079808745,0.0,-0.0,-0.9224425971438248,-1.0825185800440564,4.94855658577904,0.0889652115134472,Low,
35-3041,-0.7270206,"Food Servers, Nonrestaurant",267840.0,267840.0,33110.0,48.0,No formal educational credential,0.0,10.407590630541293,12.498145066283248,0.000179211469534,0.0,-0.0,-0.7031760546542994,-1.0436824197118175,0.2102880208734305,0.0476605734683161,Lower-middle,
35-9011,-1.927078,Dining Room and Cafeteria Attendants and Bartender Helpers,483390.0,483390.0,31180.0,99.6,No formal educational credential,0.0,10.347532142611769,13.088579060235723,0.0002060448085396,0.0,-0.0,-1.8933913339719817,-1.1077454876102968,0.7287289369933508,0.092228943948084,Low,
35-9021,-1.738612,Dishwashers,463940.0,463940.0,31200.0,76.8,No formal educational credential,0.0,10.348173373797572,13.047510512502262,0.0001655386472388,0.0,-0.0,-1.7064710143007007,-1.1070816216217116,0.6819477919294099,0.0249509356767723,Low,
35-9031,-0.0565477,"Hosts and Hostesses, Restaurant, Lounge, and Coffee Shop",425020.0,425020.0,29220.0,107.7,No formal educational credential,0.0,10.282608685304693,12.959891505622853,0.0002533998400075,0.0,-0.0,-0.0382019542917364,-1.1728043544916538,0.5883373977963211,0.1708824647080727,Upper-middle,
37-1011,-0.5854128,First-Line Supervisors of Housekeeping and Janitorial Workers,171120.0,171120.0,46650.0,33.0,High school diploma or equivalent,0.0,10.75042820627549,12.050120343756287,0.0001928471248246,1.0,-0.5854128,-0.5627296333159847,-0.5942451454395864,-0.0223429483082845,0.0703084793662627,Lower-middle,
37-1012,-0.5548871,"First-Line Supervisors of Landscaping, Lawn Service, and Groundskeeping Workers",126020.0,126020.0,55740.0,23.2,High school diploma or equivalent,0.0,10.92845330103594,11.744195903496047,0.0001840977622599,1.0,-0.5548871,-0.5324542860268735,-0.2925180536275787,-0.1308174800503787,0.0557763768886481,Lower-middle,
37-2011,-1.436201,"Janitors and Cleaners, Except Maids and Housekeeping Cleaners",2172500.0,2172500.0,35020.0,351.3,No formal educational credential,0.0,10.463674605839843,14.591389136121684,0.0001617031070195,0.0,-0.0,-1.4065402002965208,-0.980283217801924,4.791376748764719,0.0185803614650394,Low,
37-2012,-1.480657,Maids and Housekeeping Cleaners,836230.0,836230.0,33450.0,193.5,No formal educational credential,0.0,10.417807065556374,13.636658973845602,0.0002313956686557,0.0,-0.0,-1.450631599972359,-1.032396697905868,1.5773797968576635,0.1343350167478989,Low,
37-2021,-0.7255374,Pest Control Workers,93760.0,93760.0,43470.0,13.4,High school diploma or equivalent,0.0,10.679826323982835,11.44849360481084,0.0001429180887372,1.0,-0.7255374,-0.7017050189336047,-0.6997998376246451,-0.2084092404494909,-0.012620289862832,Lower-middle,
37-3011,-1.824293,Landscaping and Groundskeeping Workers,929930.0,929930.0,37360.0,158.2,No formal educational credential,0.0,10.52835589234278,13.742864593479394,0.0001701203316378,0.0,-0.0,-1.791449312294795,-0.9026108971374468,1.8027470612531007,0.0325608051631234,Low,
37-3012,-0.8847935,"Pesticide Handlers, Sprayers, and Applicators, Vegetation",23520.0,23520.0,44070.0,4.1,High school diploma or equivalent,0.0,10.693534557836031,10.065606402012564,0.0001743197278911,1.0,-0.8847935,-0.8596549999466335,-0.679883857967087,-0.3773505067369564,0.039535719763528,Lower-middle,
37-3013,-1.727035,Tree Trimmers and Pruners,50270.0,50270.0,49070.0,7.4,High school diploma or equivalent,0.0,10.801003129083949,10.82516375668662,0.0001472050925004,1.0,-1.727035,-1.694988961618337,-0.5139173608207681,-0.3130113997724106,-0.0054998650833968,Low,
39-2011,-0.9167759,Animal Trainers,19240.0,19240.0,38810.0,7.1,High school diploma or equivalent,0.0,10.566433224362951,9.864746724219698,0.0003690228690228,1.0,-0.9167759,-0.8913751002928751,-0.8544806129650143,-0.3876447638512838,0.3629245356581634,Low,Faster than average
39-2021,-0.8890408,Animal Caretakers,268830.0,268830.0,31200.0,74.6,High school diploma or equivalent,0.0,10.348173373797572,12.501834488546375,0.0002774987910575,1.0,-0.8890408,-0.8638674662468672,-1.1070816216217116,0.2126691691311838,0.2109092007898272,Low,Faster than average
39-3011,0.0605832,Gambling Dealers,80570.0,80570.0,32240.0,14.1,High school diploma or equivalent,0.0,10.380963196620565,11.296881650771242,0.0001750031028918,1.0,0.0605832,0.0779683112807532,-1.0725605902152773,-0.2401338318835978,0.0406707596556241,Upper-middle,
39-3012,0.4652752,Gambling and Sports Book Writers and Runners,8700.0,8700.0,29170.0,1.2,High school diploma or equivalent,0.0,10.280896062861768,9.071078304642676,0.0001379310344827,1.0,0.4652752,0.4793412804550872,-1.174464019463117,-0.412995574595445,-0.0209034514018415,Upper-middle,
39-3021,-0.3786598,Motion Picture Projectionists,2610.0,2610.0,35160.0,0.5,No formal educational credential,0.0,10.467664351799112,7.867105500316739,0.000191570881226,0.0,-0.0,-0.3576722921881613,-0.9756361558818272,-0.4276432441810183,0.068188724627046,Lower-middle,
39-3031,-0.2420959,"Ushers, Lobby Attendants, and Ticket Takers",117560.0,117560.0,29780.0,30.8,No formal educational credential,0.0,10.301592306238,11.674704120532851,0.0002619938754678,0.0,-0.0,-0.2222284039348061,-1.1542161068112662,-0.1511654742529977,0.1851565793171863,Lower-middle,
39-3091,-0.5246153,Amusement and Recreation Attendants,361680.0,361680.0,29390.0,102.4,No formal educational credential,0.0,10.288409759412962,12.798515121968489,0.0002831232028312,0.0,-0.0,-0.5024307564086662,-1.167161493588679,0.4359920133053179,0.2202509702806741,Lower-middle,
39-3092,-0.4533608,Costume Attendants,6300.0,6300.0,52370.0,1.8,High school diploma or equivalent,0.0,10.866089187273534,8.748304912379623,0.0002857142857142,1.0,-0.4533608,-0.431760641279055,-0.4043794727041976,-0.4187680552203015,0.2245545845961142,Lower-middle,
39-3093,-0.3454376,"Locker Room, Coatroom, and Dressing Room Attendants",14720.0,14720.0,33450.0,4.2,High school diploma or equivalent,0.0,10.417807065556374,9.596962392282869,0.0002853260869565,1.0,-0.3454376,-0.3247225599065655,-1.032396697905868,-0.3985162690280968,0.2239098125812645,Lower-middle,
39-4011,-0.7311451,Embalmers,3380.0,3380.0,54090.0,0.6,Associate's degree,0.0,10.898404604865473,8.125630988477065,0.0001775147928994,3.0,-2.1934353,-0.7072667280833752,-0.3472869976858639,-0.4257912399805435,0.0448425077471177,Lower-middle,Faster than average
39-4021,-0.5445412,Funeral Attendants,32620.0,32620.0,33850.0,5.7,High school diploma or equivalent,0.0,10.42969427834042,10.392680876175003,0.0001747394236664,1.0,-0.5445412,-0.5221932366318256,-1.0191193781341623,-0.3554631843677091,0.0402328062050884,Lower-middle,Faster than average
39-4031,-0.1903759,"Morticians, Undertakers, and Funeral Arrangers",24200.0,24200.0,51030.0,3.2,Associate's degree,0.0,10.840168974058017,10.09410791214478,0.0001322314049586,3.0,-0.5711276999999999,-0.1709325790465045,-0.4488584939394111,-0.3757149705599138,-0.0303701525147103,Lower-middle,
39-5011,-0.7294621,Barbers,15990.0,15990.0,36150.0,8.4,Postsecondary nondegree award,0.0,10.49543222758691,9.679718805828,0.0005253283302063,2.0,-1.4589242,-0.7055975309973928,-0.942774789446856,-0.3954616646974436,0.6225373889290098,Lower-middle,
39-5012,-0.6824517,"Hairdressers, Hairstylists, and Cosmetologists",294840.0,294840.0,34970.0,75.8,Postsecondary nondegree award,0.0,10.46224583005742,12.594188115303226,0.0002570885904219,2.0,-1.3649034,-0.6589726809136918,-0.9819428827733871,0.2752284279030656,0.1770092309312996,Lower-middle,
39-5091,-0.4596138,"Makeup Artists, Theatrical and Performance",4130.0,4130.0,47390.0,1.1,Postsecondary nondegree award,0.0,10.766166514961634,8.326032685955079,0.0002663438256658,2.0,-0.9192276,-0.4379623580815792,-0.5696821038619312,-0.4239873397852759,0.1923815538890375,Lower-middle,
39-5092,0.0335124,Manicurists and Pedicurists,144810.0,144810.0,34250.0,24.8,Postsecondary nondegree award,0.0,10.441441843690372,11.883177817322649,0.0001712588909605,2.0,0.0670248,0.0511195290613751,-1.005842058362457,-0.0856237671582734,0.0344518755847655,Upper-middle,
39-5093,-0.905371,Shampooers,7360.0,7360.0,29530.0,2.7,No formal educational credential,0.0,10.293161974737968,8.903815211722922,0.0003668478260869,0.0,-0.0,-0.8800637361538847,-1.162514431668582,-0.4162185429443232,0.3593119356997021,Low,
39-5094,-0.2628396,Skincare Specialists,65270.0,65270.0,43200.0,14.5,Postsecondary nondegree award,0.0,10.673595774232204,11.086287791629264,0.0002221541290026,2.0,-0.5256792,-0.2428019770735428,-0.7087620284705464,-0.2769333958670577,0.1189854412448867,Lower-middle,Slower than average
39-6011,-1.272015,Baggage Porters and Bellhops,28780.0,28780.0,34840.0,4.6,High school diploma or equivalent,0.0,10.45852143096644,10.26743598044136,0.0001598332175121,1.0,-1.272015,-1.2437007512417897,-0.9862580116991916,-0.3646991533674794,0.0154746008176376,Low,
39-6012,0.855832,Concierges,41020.0,41020.0,37150.0,6.8,High school diploma or equivalent,0.0,10.522719050145906,10.621815031626372,0.0001657727937591,1.0,0.855832,0.8666949777044188,-0.909581490017592,-0.3352595021807115,0.0253398372912886,Upper-middle,Slower than average
39-9011,-0.3834794,Childcare Workers,497450.0,497450.0,30370.0,160.2,High school diploma or equivalent,0.0,10.321210558039796,13.117250328017503,0.0003220424163232,1.0,-0.3834794,-0.362452364841519,-1.1346320601480004,0.7625460526539681,0.2848931650268777,Lower-middle,
39-9031,-2.111948,Exercise Trainers and Group Fitness Instructors,279450.0,279450.0,46480.0,74.2,High school diploma or equivalent,0.0,10.746777391525791,12.540578664697843,0.0002655215602075,1.0,-2.111948,-2.076745145787533,-0.5998880063425612,0.2382123958961736,0.191015826292821,Low,
39-9032,-0.2441154,Recreation Workers,281750.0,281750.0,34410.0,68.1,High school diploma or equivalent,0.0,10.446102498791523,12.548775431902024,0.0002417036379769,1.0,-0.2441154,-0.2242313412581225,-1.000531130453775,0.2437443564949944,0.1514558601697249,Lower-middle,
39-9041,0.4746119,Residential Advisors,88700.0,88700.0,37950.0,17.4,High school diploma or equivalent,0.0,10.544024782823776,11.393015168297673,0.0001961668545659,1.0,0.4746119,0.4886014066777207,-0.8830268504741812,-0.2205795537668966,0.0758223270827342,Upper-middle,
41-1011,0.0191826,First-Line Supervisors of Retail Sales Workers,1087890.0,1087890.0,46730.0,125.1,High school diploma or equivalent,0.0,10.752141635694471,13.899750598345602,0.0001149932438022,1.0,0.0191826,0.0369072531239353,-0.5915896814852453,2.1826724943790703,-0.0590015782440764,Upper-middle,
41-1012,1.316195,First-Line Supervisors of Non-Retail Sales Workers,227150.0,227150.0,84570.0,24.8,High school diploma or equivalent,0.0,11.345334872776268,12.33336587118755,0.0001091789566365,1.0,1.316195,1.3232823681346817,0.6644447689180956,0.11242042227951,-0.0686587179842892,High,
41-2011,-0.2480887,Cashiers,3298660.0,3298660.0,29720.0,542.6,No formal educational credential,0.0,10.299575498831697,15.009026883365715,0.0001644910357539,0.0,-0.0,-0.2281720547350887,-1.1562077047770218,7.500017073968196,0.0232109234937742,Lower-middle,
41-2012,-0.0500926,Gambling Change Persons and Booth Cashiers,20560.0,20560.0,33230.0,4.0,No formal educational credential,0.0,10.41120836134864,9.931102719569102,0.0001945525291828,0.0,-0.0,-0.0317997949870869,-1.039699223780306,-0.3844698995076128,0.0731410412489965,Upper-middle,
41-2021,0.0784367,Counter and Rental Clerks,390300.0,390300.0,37400.0,45.9,No formal educational credential,0.0,10.529425983402623,12.874670953168708,0.0001176018447348,0.0,0.0,0.0956753880333304,-0.9012831651602762,0.5048288447567311,-0.0546688676271304,Upper-middle,
41-2022,-0.1184909,Parts Salespersons,260770.0,260770.0,36860.0,30.2,No formal educational credential,0.0,10.514882231223812,12.471394071743251,0.0001158108678145,0.0,-0.0,-0.0996371348837906,-0.9192075468520786,0.1932832550327075,-0.057643559777315,Upper-middle,
41-2031,0.0873069,Retail Salespersons,3684740.0,3684740.0,33680.0,555.8,No formal educational credential,0.0,10.424659468356262,15.119710524806996,0.0001508383223782,0.0,0.0,0.1044728401973716,-1.0247622390371374,8.428616790486771,0.0005346852644156,Upper-middle,
41-3011,1.162588,Advertising Sales Agents,108100.0,108100.0,61270.0,9.3,High school diploma or equivalent,0.0,11.0230456057197,11.5908120036273,8.603145235892693e-05,1.0,1.162588,1.170935156734501,-0.1089591077837501,-0.1739186687159736,-0.1071051649997669,High,Faster than average
41-3021,1.341258,Insurance Sales Agents,457510.0,457510.0,59080.0,47.0,High school diploma or equivalent,0.0,10.986647736645317,13.03355402138233,0.0001027299949727,1.0,1.341258,1.3481398170746566,-0.1816524335338378,0.6664823542553153,-0.079370009358855,High,
41-3031,1.256298,"Securities, Commodities, and Financial Services Sales Agents",479630.0,479630.0,76900.0,38.1,Bachelor's degree,0.0,11.250261155493735,13.080770252305966,7.943623209557368e-05,4.0,5.025192,1.263876605889233,0.4098521622956425,0.719685384014409,-0.1180593820664926,High,
41-3041,1.133598,Travel Agents,58250.0,58250.0,47410.0,7.1,High school diploma or equivalent,0.0,10.766588455896164,10.972499371427949,0.0001218884120171,1.0,1.133598,1.1421829145939004,-0.5690182378733459,-0.2938179016947628,-0.047549167813179,High,
41-4011,0.8911985,"Sales Representatives, Wholesale and Manufacturing, Technical and Scientific Products",311780.0,311780.0,99710.0,27.2,Bachelor's degree,0.0,11.510021251822838,12.650053089866672,8.724100327153762e-05,4.0,3.564794,0.901771423777739,1.1669913222771489,0.3159725203135107,-0.1050961823242956,Upper-middle,
41-4012,0.8224681,"Sales Representatives, Wholesale and Manufacturing, Except Technical and Scientific Products",1288920.0,1288920.0,65630.0,114.8,High school diploma or equivalent,0.0,11.091788187467769,14.069315216380094,8.906681562858827e-05,1.0,0.8224681,0.8336047075576516,0.0357636777278398,2.6661899027186085,-0.1020636308576863,Upper-middle,
41-9011,0.1235652,Demonstrators and Product Promoters,50790.0,50790.0,36970.0,14.0,No formal educational credential,0.0,10.517862051930678,10.83545476379529,0.0002756448119708,0.0,0.0,0.1404337722845237,-0.9155562839148595,-0.311760695637025,0.207829866280627,Upper-middle,
41-9012,-1.122021,Models,3090.0,3090.0,47430.0,1.2,No formal educational credential,0.0,10.767010218871627,8.035926369891792,0.0003883495145631,0.0,-0.0,-1.0949369082739646,-0.5683543718847607,-0.426488748056047,0.3950247934154064,Low,
41-9021,1.149681,Real Estate Brokers,51350.0,51350.0,63060.0,9.7,High school diploma or equivalent,0.0,11.051841933099052,10.846420215356703,0.000188899707887,1.0,1.149681,1.158134011880802,-0.049543101805368,-0.3104137834912251,0.063752085453539,High,
41-9022,0.8649445,Real Estate Sales Agents,197720.0,197720.0,54300.0,36.6,High school diploma or equivalent,0.0,10.902279505922026,12.194607167420896,0.0001851102569289,1.0,0.8649445,0.8757327426753131,-0.3403164048057185,0.0416353786172078,0.0574580624033996,Upper-middle,
41-9031,1.145416,Sales Engineers,59340.0,59340.0,116950.0,5.0,Bachelor's degree,0.0,11.669501772012325,10.991038893844811,8.426019548365353e-05,4.0,4.581664,1.153903990744905,1.739243804437656,-0.2911962334109739,-0.1100471034821687,High,Slower than average
41-9041,1.118129,Telemarketers,81580.0,81580.0,34480.0,6.5,No formal educational credential,0.0,10.44813472477763,11.30933941287155,7.967639127237068e-05,0.0,0.0,1.126840781662788,-0.9982075994937264,-0.2377045796206374,-0.1176604938340831,High,
41-9091,1.107101,"Door-to-Door Sales Workers, News and Street Vendors, and Related Workers",6220.0,6220.0,34910.0,2.7,No formal educational credential,0.0,10.460528600099082,8.735525185733225,0.0004340836012861,0.0,0.0,1.1159032264255837,-0.983934480739143,-0.41896047124113,0.470986034027288,High,
43-1011,1.038688,First-Line Supervisors of Office and Administrative Support Workers,1504570.0,1504570.0,63450.0,144.5,High school diploma or equivalent,0.0,11.058007473142531,14.224017701055296,9.604072924490052e-05,1.0,1.038688,1.0480513070890918,-0.0365977150279551,3.1848713388645646,-0.0904804296138757,High,
43-2011,0.9832644,"Switchboard Operators, Including Answering Service",43830.0,43830.0,36750.0,2.8,High school diploma or equivalent,0.0,10.511893504640982,10.688073793412856,6.388318503308236e-05,1.0,0.9832644,0.9930822568130038,-0.9228588097892976,-0.3285008894491087,-0.1438919466766862,Upper-middle,
43-2021,1.019712,Telephone Operators,4600.0,4600.0,38080.0,0.3,High school diploma or equivalent,0.0,10.5474444889053,8.433811582477187,6.521739130434782e-05,1.0,1.019712,1.0292309363798802,-0.8787117215483768,-0.4228568956629082,-0.1416759198385169,High,
43-3011,1.271991,Bill and Account Collectors,190910.0,190910.0,44250.0,13.7,High school diploma or equivalent,0.0,10.697610650436076,12.159557391788704,7.1761563040176e-05,1.0,1.271991,1.27944090171236,-0.6739090640698194,0.0252559648441776,-0.1308064909409678,High,
43-3021,1.333455,Billing and Posting Clerks,430220.0,430220.0,45590.0,42.2,High school diploma or equivalent,0.0,10.727443673207487,12.972051984739789,9.808934963507044e-05,1.0,1.333455,1.3404008124032836,-0.629430042834606,0.6008444391501767,-0.0870778089969516,High,
43-3031,1.039749,"Bookkeeping, Accounting, and Auditing Clerks",1501910.0,1501910.0,47440.0,170.0,"Some college, no degree",0.0,10.767221033671609,14.22224818940441,0.0001131892057446,2.0,2.079498,1.0491036054302845,-0.568022438890468,3.1784735061720157,-0.0619979640643814,High,
43-3041,0.4026518,Gambling Cage Workers,12560.0,12560.0,36110.0,1.3,High school diploma or equivalent,0.0,10.494325114271504,9.438272440022187,0.0001035031847133,1.0,0.4026518,0.4172314784382646,-0.9441025214240264,-0.4037115015904676,-0.07808579322748,Upper-middle,
43-3051,1.257632,Payroll and Timekeeping Clerks,157230.0,157230.0,52240.0,13.0,High school diploma or equivalent,0.0,10.863603763950312,11.965464980464322,8.268142212046047e-05,1.0,1.257632,1.2651996652550683,-0.4086946016300019,-0.0557511799246412,-0.1126693398031719,High,
43-3061,1.487838,Procurement Clerks,61580.0,61580.0,46670.0,4.6,High school diploma or equivalent,0.0,10.75085683894386,11.028092421478492,7.469957778499513e-05,1.0,1.487838,1.4935176595365136,-0.5935812794510011,-0.2858085848277745,-0.1259266461480926,High,Little or no change
43-3071,0.4727723,Tellers,340820.0,340820.0,37640.0,29.8,High school diploma or equivalent,0.0,10.535822593699317,12.739109757661383,8.743618332257497e-05,1.0,0.4727723,0.4867768939270533,-0.8933167732972529,0.3858195358742738,-0.1047720013931388,Upper-middle,
43-4011,1.144877,Brokerage Clerks,48060.0,48060.0,60150.0,4.1,High school diploma or equivalent,0.0,11.004596721402825,10.78020550929046,8.531002913025384e-05,1.0,1.144877,1.1533694112859951,-0.1461356031445255,-0.3183268923477992,-0.1083034004382062,High,
43-4021,1.149758,Correspondence Clerks,4650.0,4650.0,42120.0,0.7,High school diploma or equivalent,0.0,10.648277966247912,8.444622498581403,0.0001505376344086,1.0,1.149758,1.158210380374932,-0.7446107918541512,-0.4227366356498903,3.526278006286001e-05,High,
43-4031,1.166267,"Court, Municipal, and License Clerks",157960.0,157960.0,46110.0,18.5,High school diploma or equivalent,0.0,10.738785125200751,11.970097115400586,0.0001171182577867,1.0,1.166267,1.1745839838761107,-0.6121695271313888,-0.0539953837345807,-0.0554720730073779,High,
43-4041,1.440296,"Credit Authorizers, Checkers, and Clerks",14290.0,14290.0,48000.0,1.0,High school diploma or equivalent,0.0,10.778956289890028,9.567315270923912,6.997900629811057e-05,1.0,1.440296,1.4463655693037287,-0.5494341912100803,-0.3995505051400502,-0.133767197741746,High,
43-4051,0.9562519,Customer Service Representatives,2858710.0,2858710.0,39680.0,341.7,High school diploma or equivalent,0.0,10.58860256139881,14.86588103209181,0.0001195294381032,1.0,0.9562519,0.9662912964534668,-0.8256024424615548,6.441849219424197,-0.0514672647495199,Upper-middle,
43-4061,1.226286,"Eligibility Interviewers, Government Programs",150190.0,150190.0,50270.0,14.0,High school diploma or equivalent,0.0,10.82516375668662,11.919656438199626,9.321526066981824e-05,1.0,1.226286,1.2341107455538172,-0.4740854015056515,-0.0726837897575535,-0.0951733427920213,High,
43-4071,0.2839743,File Clerks,82290.0,82290.0,38130.0,7.3,High school diploma or equivalent,0.0,10.54875665285161,11.318004872599758,8.871065743103658e-05,1.0,0.2839743,0.2995272971122512,-0.8770520565769137,-0.235996887435784,-0.1026551856580246,Upper-middle,
43-4081,0.6063127,"Hotel, Motel, and Resort Desk Clerks",263800.0,263800.0,30790.0,43.6,High school diploma or equivalent,0.0,10.334945240918548,12.48294651926535,0.0001652767247915,1.0,0.6063127,0.619222079037528,-1.1206908743877098,0.2005710118215888,0.0245159001164053,Upper-middle,
43-4111,1.297031,"Interviewers, Except Eligibility and Loan",160550.0,160550.0,40300.0,15.8,High school diploma or equivalent,0.0,10.604106747934772,11.98636069951766,9.841170974774214e-05,1.0,1.297031,1.3042755392839582,-0.8050225968154113,-0.0477659150602565,-0.0865423905413343,High,
43-4121,0.2038919,"Library Assistants, Clerical",83680.0,83680.0,34020.0,12.8,High school diploma or equivalent,0.0,10.434703865949851,11.33475527929875,0.0001529636711281,1.0,0.2038919,0.2201016829004389,-1.0134765172311877,-0.232653659073888,0.004064746523763,Upper-middle,
43-4131,1.364395,Loan Interviewers and Clerks,203940.0,203940.0,47380.0,13.3,High school diploma or equivalent,0.0,10.765955477712776,12.225581111918215,6.521525939001667e-05,1.0,1.364395,1.3710870618627586,-0.5700140368562239,0.0565957242366274,-0.141679460804765,High,
43-4141,1.174998,New Accounts Clerks,41180.0,41180.0,44630.0,2.3,High school diploma or equivalent,0.0,10.706161557623316,10.62570798058178,5.585235551238465e-05,1.0,1.174998,1.1832433776715432,-0.6612956102866991,-0.3348746701390544,-0.1572306141180771,High,
43-4151,0.8388861,Order Clerks,91830.0,91830.0,41600.0,8.0,"Some college, no degree",0.0,10.635855446249357,11.427694320607568,8.711749972775782e-05,2.0,1.6777722,0.8498880573839496,-0.7618713075573684,-0.2130512769519796,-0.1053013133999916,Upper-middle,
43-4161,1.353098,"Human Resources Assistants, Except Payroll and Timekeeping",101440.0,101440.0,47710.0,9.0,Associate's degree,0.0,10.772896298510153,11.527222769671052,8.87223974763407e-05,3.0,4.059294,1.3598827127954125,-0.5590602480445668,-0.1899373024499502,-0.1026356862327592,High,
43-4171,1.013186,Receptionists and Information Clerks,1003820.0,1003820.0,35840.0,128.5,High school diploma or equivalent,0.0,10.486819867088869,13.819323280292192,0.0001280109979876,1.0,1.013186,1.0227584585527136,-0.9530647122699276,1.9804673084908693,-0.0373799645034078,Upper-middle,Faster than average
43-4181,0.227312,Reservation and Transportation Ticket Agents and Travel Clerks,119270.0,119270.0,40610.0,14.4,High school diploma or equivalent,0.0,10.611769620680343,11.689145109572715,0.0001207344680137,1.0,0.227312,0.2433297058792965,-0.7947326739923395,-0.1470525818077875,-0.0494657911542545,Upper-middle,
43-5011,1.405415,Cargo and Freight Agents,105220.0,105220.0,48330.0,8.8,High school diploma or equivalent,0.0,10.785807764839127,11.5638086752848,8.363429005892416e-05,1.0,1.405415,1.4117706414628772,-0.5384804023984232,-0.1808456454658013,-0.1110866902756264,High,
43-5021,-0.9591126,Couriers and Messengers,72010.0,72010.0,36710.0,27.9,High school diploma or equivalent,0.0,10.51080447649088,11.184560277242912,0.0003874461880294,1.0,-0.9591126,-0.9333645811426152,-0.9241865417664682,-0.2607223461122525,0.3935244288276005,Low,
43-5031,0.9074452,Public Safety Telecommunicators,97820.0,97820.0,48890.0,10.7,High school diploma or equivalent,0.0,10.797328155572693,11.490884334093348,0.0001093845839296,1.0,0.9074452,0.9178848784995636,-0.5198921547180355,-0.198644127392442,-0.068317184887087,Upper-middle,
43-5032,1.234523,"Dispatchers, Except Police, Fire, and Ambulance",206090.0,206090.0,46860.0,18.5,High school diploma or equivalent,0.0,10.754919712061788,12.236068245565557,8.976660682226212e-05,1.0,1.234523,1.242280190828468,-0.5872745525594409,0.0617669047963946,-0.1009013247737666,High,
43-5041,-0.9723772,"Meter Readers, Utilities",19900.0,19900.0,47720.0,1.3,High school diploma or equivalent,0.0,10.773105876211853,9.898475010712584,6.532663316582915e-05,1.0,-0.9723772,-0.9465203931846372,-0.5587283150502742,-0.3860573316794483,-0.1414944764574537,Low,
43-5051,-0.5186997,Postal Service Clerks,78130.0,78130.0,59570.0,6.1,No formal educational credential,0.0,10.994907370622734,11.26612938499079,7.80750031997952e-05,0.0,-0.0,-0.4965636724622385,-0.1653877168134985,-0.2460025205188686,-0.1203202916656324,Lower-middle,
43-5052,-1.064715,Postal Service Mail Carriers,331600.0,331600.0,56330.0,20.6,No formal educational credential,0.0,10.93898253188876,12.711684702243277,6.212303980699639e-05,0.0,-0.0,-1.0381008962660567,-0.2729340069643131,0.3636435894737836,-0.1468154294574877,Low,
43-5053,-1.185001,"Postal Service Mail Sorters, Processors, and Processing Machine Operators",116540.0,116540.0,53440.0,7.8,No formal educational credential,0.0,10.886314808210528,11.665989840697064,6.692980950746525e-05,0.0,-0.0,-1.157400385680485,-0.3688626423148854,-0.1536187785185617,-0.1388317084313268,Low,
43-5061,0.6999103,"Production, Planning, and Expediting Clerks",393980.0,393980.0,53900.0,34.1,High school diploma or equivalent,0.0,10.89488575689709,12.884055425570349,8.655261688410579e-05,1.0,0.6999103,0.7120520500268028,-0.3535937245774241,0.5136799817148443,-0.1062395457924739,Upper-middle,
43-5071,-0.7463213,"Shipping, Receiving, and Inventory Clerks",844120.0,844120.0,39780.0,69.3,High school diploma or equivalent,0.0,10.591119552407964,13.646049943566249,8.20973321328721e-05,1.0,-0.7463213,-0.722318462377069,-0.8222831125186284,1.5963568269118793,-0.1136394739692886,Lower-middle,
43-5111,-0.1860789,"Weighers, Measurers, Checkers, and Samplers, Recordkeeping",51250.0,51250.0,43270.0,5.3,High school diploma or equivalent,0.0,10.67521483321893,10.844470897000654,0.0001034146341463,1.0,-0.1860789,-0.1666708203546052,-0.7064384975104979,-0.3106543035172608,-0.0782328697607787,Lower-middle,
43-6011,1.079643,Executive Secretaries and Executive Administrative Assistants,483570.0,483570.0,70310.0,50.0,High school diploma or equivalent,0.0,11.160669315193209,13.088951361059086,0.0001033976466695,1.0,1.079643,1.088670419778581,0.1911083190567942,0.7291618730402151,-0.0782610848166267,High,
43-6012,1.014541,Legal Secretaries and Administrative Assistants,152790.0,152790.0,50680.0,19.6,High school diploma or equivalent,0.0,10.833286634435076,11.93681970854676,0.0001282806466391,1.0,1.014541,1.0241023456896752,-0.4604761487396534,-0.0664302690806257,-0.0369320962378709,Upper-middle,
43-6013,1.217982,Medical Secretaries and Administrative Assistants,749500.0,749500.0,40640.0,85.9,High school diploma or equivalent,0.0,10.612508082252363,13.52716159652479,0.0001146097398265,1.0,1.217982,1.225874849771287,-0.7937368750094616,1.3687767782769136,-0.0596385525417813,High,
43-6014,1.099056,"Secretaries and Administrative Assistants, Except Legal, Medical, and Executive",1785430.0,1785430.0,44280.0,202.8,High school diploma or equivalent,0.0,10.698288386822574,14.39516984054355,0.0001135860829043,1.0,1.099056,1.1079242064869457,-0.6729132650869415,3.860395883988391,-0.0613387778078614,High,
43-9021,0.3108081,Data Entry Keyers,154230.0,154230.0,37790.0,9.5,High school diploma or equivalent,0.0,10.539799796343535,11.94620027371766,6.15963171886144e-05,1.0,0.3108081,0.3261410230574891,-0.8883377783828633,-0.0629667807057118,-0.1476902802835884,Upper-middle,
43-9022,0.6219606,Word Processors and Typists,37200.0,37200.0,46450.0,2.2,High school diploma or equivalent,0.0,10.746131744241984,10.524064040261235,5.913978494623657e-05,1.0,0.6219606,0.6347416447426644,-0.6008838053254392,-0.3444473671752747,-0.1517704150387445,Upper-middle,
43-9031,0.3437743,Desktop Publishers,5220.0,5220.0,51290.0,0.4,Associate's degree,0.0,10.845251080383314,8.560252680876685,7.662835249042147e-05,3.0,1.0313229,0.3588368548910685,-0.4402282360878025,-0.4213656715014869,-0.1227230811491417,Upper-middle,
43-9041,1.240201,Insurance Claims and Policy Processing Clerks,241650.0,241650.0,46900.0,20.3,High school diploma or equivalent,0.0,10.75577295443437,12.39524567727323,8.400579350300021e-05,1.0,1.240201,1.2479116234215806,-0.5859468205822704,0.1472958260546844,-0.1104696480533889,High,
43-9051,-0.8184676,"Mail Clerks and Mail Machine Operators, Except Postal Service",66600.0,66600.0,36880.0,6.9,High school diploma or equivalent,0.0,10.51542467767053,11.10645985652848,0.0001036036036036,1.0,-0.8184676,-0.793873063520512,-0.9185436808634934,-0.2737344795207831,-0.0779190042079733,Lower-middle,
43-9061,0.9888986,"Office Clerks, General",2496370.0,2496370.0,40480.0,282.4,High school diploma or equivalent,0.0,10.608563303961349,14.730348234664897,0.0001131242564203,1.0,0.9888986,0.9986702486263382,-0.7990478029181438,5.570348957086494,-0.0621058405217245,Upper-middle,
43-9071,-0.5171404,"Office Machine Operators, Except Computer",27960.0,27960.0,37450.0,2.8,High school diploma or equivalent,0.0,10.530761988945365,10.238530196347746,0.0001001430615164,1.0,-0.5171404,-0.4950171608661763,-0.899623500188813,-0.366671417580972,-0.0836667317557299,Lower-middle,
43-9081,1.288375,Proofreaders and Copy Markers,5490.0,5490.0,48790.0,1.9,Bachelor's degree,0.0,10.795280652809884,8.610683534503575,0.0003460837887067,4.0,5.1535,1.2956905303854058,-0.5232114846609619,-0.4207162674311905,0.3248242668179871,High,
43-9111,1.389965,Statistical Assistants,7200.0,7200.0,50510.0,0.8,Bachelor's degree,0.0,10.829926615462098,8.881836305004146,0.0001111111111111,4.0,5.55986,1.396447352705641,-0.4661190096426282,-0.4166033749859804,-0.0654495394162854,High,Faster than average
45-1011,-0.4791843,"First-Line Supervisors of Farming, Fishing, and Forestry Workers",27150.0,27150.0,57320.0,8.5,High school diploma or equivalent,0.0,10.956404881942108,10.20913232536208,0.0003130755064456,1.0,-0.4791843,-0.4573723530733909,-0.240072640529342,-0.3686196297918611,0.2699997311013219,Lower-middle,
45-2011,0.1704867,Agricultural Inspectors,12660.0,12660.0,48010.0,2.2,Bachelor's degree,0.0,10.779164601524986,9.446202695698169,0.000173775671406,4.0,0.6819468,0.1869704514704565,-0.5491022582157876,-0.4034709815644319,0.0386320785511118,Upper-middle,
45-2021,-1.044292,Animal Breeders,1360.0,1360.0,47540.0,1.2,High school diploma or equivalent,0.0,10.769326740914185,7.215239978730097,0.0008823529411764,1.0,-1.044292,-1.0178453929463778,-0.5647031089475416,-0.4306497445064643,1.2155312436545276,Low,
45-2041,-1.370968,"Graders and Sorters, Agricultural Products",23430.0,23430.0,34360.0,5.1,No formal educational credential,0.0,10.444648376098192,10.06177253150184,0.0002176696542893,0.0,-0.0,-1.3418422005877315,-1.002190795425238,-0.3775669747603886,0.111537030505378,Low,
45-2091,-1.145156,Agricultural Equipment Operators,28910.0,28910.0,39690.0,10.5,No formal educational credential,0.0,10.588854545777112,10.271942835010393,0.0003631961259079,0.0,-0.0,-1.1178821694648169,-0.8252705094672622,-0.364386477333633,0.3532467074244209,Low,Faster than average
45-2092,-1.601349,"Farmworkers and Laborers, Crop, Nursery, and Greenhouse",258730.0,258730.0,34470.0,71.7,No formal educational credential,0.0,10.447844659510912,12.463540325888337,0.0002771228694005,0.0,-0.0,-1.5703337596285631,-0.9985395324880192,0.1883766465015795,0.2102848202132031,Low,
45-2093,-1.108432,"Farmworkers, Farm, Ranch, and Aquacultural Animals",32590.0,32590.0,35120.0,31.2,No formal educational credential,0.0,10.466526047749053,10.391760771831608,0.0009573488800245,0.0,-0.0,-1.0814593567579724,-0.9769638878589976,-0.3555353403755198,1.34009445162342,Low,
45-4011,-1.064205,Forest and Conservation Workers,5750.0,5750.0,33940.0,2.0,High school diploma or equivalent,0.0,10.432349538788218,8.656955133791396,0.0003478260869565,1.0,-1.064205,-1.037595078967274,-1.0161319811855287,-0.4200909153634978,0.3277181069720666,Low,
45-4021,-1.795407,Fallers,4800.0,4800.0,53170.0,0.7,High school diploma or equivalent,0.0,10.881249606498384,8.476371196895983,0.0001458333333333,1.0,-1.795407,-1.7628002172112012,-0.3778248331607866,-0.4223758556108368,-0.0077782647547286,Low,Faster than average
45-4022,-1.003702,Logging Equipment Operators,23720.0,23720.0,48240.0,4.2,High school diploma or equivalent,0.0,10.783943831401068,10.074073853111662,0.0001770657672849,1.0,-1.003702,-0.9775882867550368,-0.541467799347057,-0.3768694666848851,0.0440967064163916,Low,
45-4023,-0.4768305,Log Graders and Scalers,3640.0,3640.0,45600.0,0.6,High school diploma or equivalent,0.0,10.727662995502476,8.199738960630786,0.0001648351648351,1.0,-0.4768305,-0.4550378574697157,-0.6290981098403133,-0.4251658879128507,0.023782498741376,Lower-middle,
47-1011,-0.3054048,First-Line Supervisors of Construction Trades and Extraction Workers,777420.0,777420.0,76760.0,74.4,High school diploma or equivalent,0.0,11.248438950121637,13.563736023850913,9.570116539322376e-05,1.0,-0.3054048,-0.28501808390911,0.4052051003755455,1.435929969546077,-0.0910444223223451,Lower-middle,
47-2011,-1.097532,Boilermakers,11130.0,11130.0,71140.0,0.8,High school diploma or equivalent,0.0,11.172405045502446,9.31739944426959,7.187780772686433e-05,1.0,-1.097532,-1.0706487517447765,0.2186587575830832,-0.4071509379627779,-0.1306134163384541,Low,
47-2021,-1.75434,Brickmasons and Blockmasons,56830.0,56830.0,59640.0,5.6,High school diploma or equivalent,0.0,10.996081768878676,10.947819634291168,9.853950378321308e-05,1.0,-1.75434,-1.722070023075705,-0.1630641858534501,-0.2972332860644696,-0.0863301332476454,Low,
47-2022,-1.714759,Stonemasons,9790.0,9790.0,51830.0,0.8,High school diploma or equivalent,0.0,10.855724411183752,9.189116735524555,8.171603677221655e-05,1.0,-1.714759,-1.6828136416970527,-0.4223038543960001,-0.4103739063116561,-0.114272779906069,Low,
47-2031,-1.323631,Carpenters,700290.0,700290.0,56350.0,74.1,High school diploma or equivalent,0.0,10.939337519467925,13.459249813947196,0.0001058133059161,1.0,-1.323631,-1.2948934290730847,-0.2722701409757279,1.2504168734647527,-0.0742488373571928,Low,Faster than average
47-2041,-1.564577,Carpet Installers,15560.0,15560.0,47520.0,1.1,No formal educational credential,0.0,10.768905954036526,9.652458797732384,7.069408740359898e-05,0.0,-0.0,-1.533863340587716,-0.5653669749361269,-0.396495900809397,-0.1325794961431566,Low,Faster than average
47-2042,-1.301024,"Floor Layers, Except Carpet, Wood, and Hard Tiles",25150.0,25150.0,48840.0,2.7,No formal educational credential,0.0,10.79630492822464,10.132613175527885,0.0001073558648111,0.0,-0.0,-1.2724718375562665,-0.5215518196894987,-0.3734300303125748,-0.0716867508309746,Low,
47-2043,-1.748722,Floor Sanders and Finishers,5070.0,5070.0,47760.0,0.4,No formal educational credential,0.0,10.773943748066484,8.531096096585228,7.889546351084813e-05,0.0,-0.0,-1.7164980984000962,-0.5574005830731036,-0.4217264515405404,-0.1189575622975404,Low,
47-2044,-1.22543,Tile and Stone Setters,42420.0,42420.0,48910.0,4.2,No formal educational credential,0.0,10.797737153533404,10.655375228118674,9.900990099009902e-05,0.0,-0.0,-1.197497812293191,-0.5192282887294503,-0.3318922218162119,-0.085548835139917,Low,Faster than average
47-2051,-1.777407,Cement Masons and Concrete Finishers,203560.0,203560.0,50720.0,14.3,No formal educational credential,0.0,10.834075589111109,12.223716080702768,7.02495578699155e-05,0.0,-0.0,-1.744947841960052,-0.4591484167624828,0.0556817481376918,-0.1333178297863249,Low,
47-2053,-1.776065,Terrazzo Workers and Finishers,1460.0,1460.0,48900.0,0.1,High school diploma or equivalent,0.0,10.797532675462964,7.286191714702382,6.849315068493152e-05,1.0,-1.776065,-1.7436168482052163,-0.5195602217237429,-0.4304092244804287,-0.1362351039323879,Low,
47-2061,-1.622988,Construction Laborers,1019090.0,1019090.0,45300.0,129.4,No formal educational credential,0.0,10.721062311471126,13.834420630188914,0.0001269760276324,0.0,-0.0,-1.5917952900763197,-0.6390560996690925,2.0171947164665185,-0.0390989806204872,Low,
47-2071,-1.184739,"Paving, Surfacing, and Tamping Equipment Operators",43080.0,43080.0,48980.0,4.0,High school diploma or equivalent,0.0,10.799167330506158,10.670814131270324,9.285051067780872e-05,1.0,-1.184739,-1.1571405344407184,-0.5169047577694018,-0.3303047896443764,-0.0957791679848144,Low,
47-2072,-1.220009,Pile Driver Operators,3010.0,3010.0,63550.0,0.3,High school diploma or equivalent,0.0,11.0595822766176,8.009695357742922,9.966777408637872e-05,1.0,-1.220009,-1.1921212719467198,-0.0332783850850287,-0.4266811640768755,-0.0844561521951107,Low,
47-2073,-0.8815078,Operating Engineers and Other Construction Equipment Operators,450370.0,450370.0,56160.0,41.9,High school diploma or equivalent,0.0,10.935960038699692,13.017824746129207,9.303461598241444e-05,1.0,-0.8815078,-0.8563962472042612,-0.2785768678672879,0.6493092243963674,-0.0954733814622637,Lower-middle,
47-2081,-1.647971,Drywall and Ceiling Tile Installers,90860.0,90860.0,55700.0,7.7,No formal educational credential,0.0,10.927735425915376,11.417075139313395,8.474576271186441e-05,0.0,-0.0,-1.6165733951262895,-0.2938457856047493,-0.2153843212045258,-0.1092406089898064,Low,
47-2082,-1.540774,Tapers,15560.0,15560.0,63350.0,1.1,No formal educational credential,0.0,11.056430185749283,9.652458797732384,7.069408740359898e-05,0.0,-0.0,-1.5102555579153214,-0.0399170449708815,-0.396495900809397,-0.1325794961431566,Low,
47-2111,-0.7796905,Electricians,712580.0,712580.0,61590.0,81.0,High school diploma or equivalent,0.0,11.02825479868109,13.47664746552369,0.0001136714474164,1.0,-0.7796905,-0.7554139890565491,-0.0983372519663857,1.2799767846645385,-0.0611969930975326,Lower-middle,Faster than average
47-2121,-1.388901,Glaziers,53390.0,53390.0,51100.0,5.1,High school diploma or equivalent,0.0,10.841539776191796,10.885378741494232,9.552350627458324e-05,1.0,-1.388901,-1.3596281253310012,-0.4465349629793626,-0.3055071749600972,-0.0913395021637698,Low,
47-2131,-1.618772,"Insulation Workers, Floor, Ceiling, and Wall",38510.0,38510.0,47540.0,3.4,No formal educational credential,0.0,10.769326740914185,10.558673226808954,8.828875616722929e-05,0.0,-0.0,-1.5876138670730506,-0.5647031089475416,-0.3412965548342072,-0.1033559352675792,Low,
47-2132,-1.268615,"Insulation Workers, Mechanical",22850.0,22850.0,53920.0,2.3,High school diploma or equivalent,0.0,10.895256745586188,10.036706396322352,0.0001006564551422,1.0,-1.268615,-1.2403286359165728,-0.3529298585888388,-0.3789619909113955,-0.0828140194894368,Low,
47-2141,-1.58799,"Painters, Construction and Maintenance",215910.0,215910.0,47700.0,28.1,No formal educational credential,0.0,10.772686676876432,12.28261693316996,0.0001301468204344,0.0,-0.0,-1.5570843217963355,-0.5593921810388595,0.085385971353099,-0.0338325071383031,Low,
47-2142,-1.72753,Paperhangers,1830.0,1830.0,48460.0,0.2,No formal educational credential,0.0,10.788493994370516,7.512071245835466,0.0001092896174863,0.0,-0.0,-1.6954799019377431,-0.534165273472619,-0.4295193003840967,-0.0684749177591867,Low,
47-2151,-1.225611,Pipelayers,34840.0,34840.0,47330.0,2.4,No formal educational credential,0.0,10.764899622900291,10.45852143096644,6.888633754305396e-05,0.0,-0.0,-1.1976773278443276,-0.5716737018276871,-0.3501236397897169,-0.1355820470184908,Low,Faster than average
47-2152,-1.121219,"Plumbers, Pipefitters, and Steamfitters",436160.0,436160.0,61550.0,44.0,High school diploma or equivalent,0.0,11.0276051316126,12.985764427490304,0.0001008804108584,1.0,-1.121219,-1.0941414857766636,-0.0996649839435563,0.6151313286966965,-0.0824420441148042,Low,
47-2161,-1.755588,Plasterers and Stucco Masons,22310.0,22310.0,52640.0,1.9,No formal educational credential,0.0,10.8712315659992,10.012790287426578,8.516360376512773e-05,0.0,-0.0,-1.7233077877597842,-0.3954172818582964,-0.3802607990519883,-0.1085466031167549,Low,
47-2171,-1.970997,Reinforcing Iron and Rebar Workers,17400.0,17400.0,54850.0,1.5,High school diploma or equivalent,0.0,10.912357465703376,9.76422548520262,8.620689655172413e-05,1.0,-1.970997,-1.93695013778616,-0.3220600901196235,-0.3920703323303404,-0.1068137640011261,Low,
47-2181,-1.752941,Roofers,135140.0,135140.0,50030.0,12.7,No formal educational credential,0.0,10.82037810448225,11.814066557106166,9.397661684179368e-05,0.0,-0.0,-1.7206824967992402,-0.4820517933686749,-0.1088820536759242,-0.0939087814218344,Low,
47-2211,-1.174972,Sheet Metal Workers,116190.0,116190.0,58780.0,10.6,High school diploma or equivalent,0.0,10.981556939972908,11.662982061176908,9.12298820896807e-05,1.0,-1.174972,-1.14745363726972,-0.1916104233626169,-0.1544605986096866,-0.0984709230180071,Low,Slower than average
47-2221,-1.780065,Structural Iron and Steel Workers,63780.0,63780.0,62760.0,5.5,High school diploma or equivalent,0.0,11.047073206846967,11.063194940564047,8.623392913138915e-05,1.0,-1.780065,-1.747584042705472,-0.0595010916341471,-0.2805171442549894,-0.1067688647053179,Low,Faster than average
47-2231,-0.9441692,Solar Photovoltaic Installers,24510.0,24510.0,48800.0,4.1,High school diploma or equivalent,0.0,10.795485591841238,10.106836476522158,0.0001672786617707,1.0,-0.9441692,-0.9185437375688364,-0.5228795516666693,-0.3749693584792032,0.0278409827290185,Low,Faster than average
47-3011,-1.94229,"Helpers--Brickmasons, Blockmasons, Stonemasons, and Tile and Marble Setters",16460.0,16460.0,42470.0,1.4,No formal educational credential,0.0,10.656553223307316,9.70868847423106,8.50546780072904e-05,0.0,-0.0,-1.9084785746564523,-0.7329931370539089,-0.3943312205750758,-0.108727521470936,Low,
47-3012,-1.425282,Helpers--Carpenters,21770.0,21770.0,39380.0,2.7,No formal educational credential,0.0,10.581013352193116,9.988288154228592,0.0001240238860817,0.0,-0.0,-1.3957107511094486,-0.8355604322903339,-0.381559607192581,-0.044002289087394,Low,
47-3013,-1.506896,Helpers--Electricians,68670.0,68670.0,38340.0,6.8,High school diploma or equivalent,0.0,10.554249016599636,11.137067701614722,9.902431920780544e-05,1.0,-1.506896,-1.4766554040954087,-0.8700814636967683,-0.2687557149818444,-0.0855248874505049,Low,Faster than average
47-3014,-2.04484,"Helpers--Painters, Paperhangers, Plasterers, and Stucco Masons",7700.0,7700.0,37010.0,0.8,No formal educational credential,0.0,10.518943425380202,8.948975607841776,0.0001038961038961,0.0,-0.0,-2.010187523656749,-0.914228551937689,-0.4154007748558019,-0.077433180904401,Low,
47-3015,-1.678876,"Helpers--Pipelayers, Plumbers, Pipefitters, and Steamfitters",45300.0,45300.0,37650.0,4.9,High school diploma or equivalent,0.0,10.53608823322804,10.721062311471126,0.0001081677704194,1.0,-1.678876,-1.6472249316338872,-0.8929848403029602,-0.3249652450663841,-0.0703382302485233,Low,
47-3016,-1.89822,Helpers--Roofers,4540.0,4540.0,38620.0,0.6,No formal educational credential,0.0,10.561525555982506,8.420682291035394,0.0001321585903083,0.0,-0.0,-1.8647700092498891,-0.8607873398565744,-0.4230012076785296,-0.030491092749192,Low,
47-4011,0.2860245,Construction and Building Inspectors,133640.0,133640.0,67700.0,14.8,High school diploma or equivalent,0.0,11.122841458900366,11.802904896470691,0.0001107452858425,1.0,0.2860245,0.301560682653357,0.1044738075464158,-0.1124898540664595,-0.0660571505710554,Upper-middle,Faster than average
47-4021,-0.8604742,Elevator and Escalator Installers and Repairers,23990.0,23990.0,102420.0,2.0,High school diploma or equivalent,0.0,11.536837285016542,10.08539235583374,8.336807002917882e-05,1.0,-0.8604742,-0.8355351516441185,1.2569451637304538,-0.3762200626145887,-0.1115288638311549,Lower-middle,
47-4031,-1.902113,Fence Erectors,21470.0,21470.0,44410.0,2.3,No formal educational credential,0.0,10.701219948286148,9.974411890872826,0.0001071262226362,0.0,-0.0,-1.8686310812972629,-0.6685981361611372,-0.382281167270688,-0.072068171030914,Low,
47-4041,-0.6887439,Hazardous Materials Removal Workers,49960.0,49960.0,47280.0,5.0,High school diploma or equivalent,0.0,10.76384265207998,10.818977964239512,0.0001000800640512,1.0,-0.6887439,-0.6652132762223184,-0.5733333667991503,-0.3137570118531212,-0.083771366306362,Lower-middle,
47-4051,-1.27909,Highway Maintenance Workers,150860.0,150860.0,47360.0,12.3,High school diploma or equivalent,0.0,10.765533269557888,11.92410753340762,8.153254673206947e-05,1.0,-1.27909,-1.2507177265141165,-0.5706779028448091,-0.0710723055831144,-0.1145775445157549,Low,
47-4061,-1.39906,Rail-Track Laying and Maintenance Equipment Operators,18770.0,18770.0,67000.0,1.1,High school diploma or equivalent,0.0,11.112447898373103,9.840015129580555,5.860415556739479e-05,1.0,-1.39906,-1.3697038075630248,0.0812384979459312,-0.3887752079736515,-0.1526600593946352,Low,
47-4071,-1.210591,Septic Tank Servicers and Sewer Pipe Cleaners,27900.0,27900.0,46910.0,2.9,High school diploma or equivalent,0.0,10.755986151322505,10.236381967809455,0.0001039426523297,1.0,-1.210591,-1.1827805124958688,-0.5856148875879778,-0.3668157295965934,-0.0773558670883487,Low,
47-5011,-1.415002,"Derrick Operators, Oil and Gas",11510.0,11510.0,58210.0,1.0,No formal educational credential,0.0,10.97181244026578,9.350971501715929,8.688097306689835e-05,0.0,-0.0,-1.3855150612437923,-0.2105306040372973,-0.4062369618638423,-0.10569416826786,Low,Slower than average
47-5012,-0.7737326,"Rotary Drill Operators, Oil and Gas",12180.0,12180.0,61770.0,1.2,No formal educational credential,0.0,11.031173088689943,9.407550541263888,9.852216748768472e-05,0.0,-0.0,-0.7495049520282814,-0.0923624580691182,-0.4046254776894032,-0.0863589276679631,Lower-middle,
47-5013,-0.971916,"Service Unit Operators, Oil and Gas",46150.0,46150.0,55750.0,4.1,No formal educational credential,0.0,10.928632689322365,10.739652239931,8.884073672806066e-05,0.0,-0.0,-0.9460629756587576,-0.2921861206332861,-0.3229208248450808,-0.1024391326986706,Low,
47-5041,-1.165492,Continuous Mining Machine Operators,15700.0,15700.0,61420.0,1.6,No formal educational credential,0.0,11.025490793994813,9.6614159913364,0.0001019108280254,0.0,-0.0,-1.1380513863041148,-0.1039801128693606,-0.3961591727729471,-0.0807305905367998,Low,
47-5051,-1.763494,"Rock Splitters, Quarry",3610.0,3610.0,46530.0,0.4,No formal educational credential,0.0,10.747852544838697,8.191463051326927,0.0001108033240997,0.0,-0.0,-1.7311489476895388,-0.598228341371098,-0.4252380439206614,-0.0659607529312908,Low,
47-5071,-1.518977,"Roustabouts, Oil and Gas",43830.0,43830.0,46340.0,4.3,No formal educational credential,0.0,10.743760797986369,10.688073793412856,9.810631987223364e-05,0.0,-0.0,-1.488637323284805,-0.6045350682626581,-0.3285008894491087,-0.0870496225749465,Low,
47-5081,-1.543154,Helpers--Extraction Workers,7360.0,7360.0,45520.0,0.7,High school diploma or equivalent,0.0,10.725907068800211,8.903815211722922,9.510869565217393e-05,1.0,-1.543154,-1.5126160386429732,-0.6317535737946545,-0.4162185429443232,-0.0920284746950898,Low,
49-1011,-0.0205169,"First-Line Supervisors of Mechanics, Installers, and Repairers",589880.0,589880.0,75820.0,52.4,High school diploma or equivalent,0.0,11.236117389070326,13.287674405364877,8.883162677154675e-05,1.0,-0.0205169,-0.0024666563917864,0.3740033989120376,0.9848587127187524,-0.1024542637234336,Upper-middle,
49-2011,-0.3458247,"Computer, Automated Teller, and Office Machine Repairers",77580.0,77580.0,45760.0,7.6,"Some college, no degree",0.0,10.73116562605368,11.25906494099396,9.796339262696573e-05,2.0,-0.6916494,-0.3251064851543278,-0.6237871819316312,-0.2473253806620648,-0.0872870151117983,Lower-middle,
49-2021,-0.6335382,"Radio, Cellular, and Tower Equipment Installers and Repairers",11810.0,11810.0,61310.0,1.2,Associate's degree,0.0,11.023698240756731,9.376701909191407,0.0001016088060965,3.0,-1.9006146,-0.6104603388666319,-0.1076313758065796,-0.4055154017857352,-0.0812322286378054,Lower-middle,
49-2022,-0.853048,"Telecommunications Equipment Installers and Repairers, Except Line Installers",159670.0,159670.0,61270.0,13.2,Postsecondary nondegree award,0.0,11.0230456057197,11.980864464333749,8.267050792259033e-05,2.0,-1.706096,-0.8281698566946696,-0.1089591077837501,-0.0498824912893705,-0.1126874675514206,Lower-middle,
49-2091,-0.1728535,Avionics Technicians,21280.0,21280.0,77420.0,1.8,Postsecondary nondegree award,0.0,11.25700042413164,9.96552294345558,8.458646616541354e-05,2.0,-0.345707,-0.1535538868186859,0.4271126779988596,-0.3827381553201558,-0.109505189834437,Lower-middle,Faster than average
49-2092,-0.8106341,"Electric Motor, Power Tool, and Related Repairers",16010.0,16010.0,49230.0,1.7,High school diploma or equivalent,0.0,10.804258472752249,9.68096880599076,0.0001061836352279,1.0,-0.8106341,-0.7861038089910746,-0.5086064329120858,-0.3954135606922365,-0.0736337452895556,Lower-middle,
49-2093,-0.8303875,"Electrical and Electronics Installers and Repairers, Transportation Equipment",7920.0,7920.0,79160.0,0.6,Postsecondary nondegree award,0.0,11.2792263997165,8.977146484808472,7.575757575757576e-05,2.0,-1.660775,-0.8056952039514105,0.4848690190057785,-0.4148716307985234,-0.1241693827080522,Lower-middle,
49-2094,-0.4632031,"Electrical and Electronics Repairers, Commercial and Industrial Equipment",58320.0,58320.0,66680.0,4.7,Postsecondary nondegree award,0.0,11.10766033686473,10.97370036668254,8.058984910836763e-05,2.0,-0.9264062,-0.4415222208865207,0.0706166421285668,-0.2936495376765379,-0.116143301834839,Lower-middle,
49-2095,-0.5522636,"Electrical and Electronics Repairers, Powerhouse, Substation, and Relay",24790.0,24790.0,96600.0,2.0,Postsecondary nondegree award,0.0,11.47833402020061,10.118195625029236,8.067769261799113e-05,2.0,-1.1045272,-0.5298523023340186,1.0637601610521386,-0.3742959024063033,-0.1159973996763219,Lower-middle,
49-2096,-0.7915968,"Electronic Equipment Installers and Repairers, Motor Vehicles",8900.0,8900.0,45570.0,0.6,High school diploma or equivalent,0.0,10.727004884257928,9.093806555720231,6.741573033707865e-05,1.0,-0.7915968,-0.7672226410261467,-0.6300939088231913,-0.4125145345433737,-0.1380246266308287,Lower-middle,
49-2097,-0.571284,Audiovisual Equipment Installers and Repairers,24720.0,24720.0,48380.0,2.6,Postsecondary nondegree award,0.0,10.786841784164018,10.115367911571628,0.0001051779935275,2.0,-1.142568,-0.5487167089021828,-0.5368207374269601,-0.3744642664245282,-0.0753040484846679,Lower-middle,
49-2098,-0.6926484,Security and Fire Alarm Systems Installers,83540.0,83540.0,56430.0,9.4,High school diploma or equivalent,0.0,10.940756210963183,11.333080838051169,0.0001125209480488,1.0,-0.6926484,-0.6690857539538803,-0.2696146770213867,-0.2329903871103379,-0.0631078951302906,Lower-middle,
49-3011,-0.6551197,Aircraft Mechanics and Service Technicians,137630.0,137630.0,75020.0,11.3,Postsecondary nondegree award,0.0,11.22551002363588,11.832324203973576,8.210419239991281e-05,2.0,-1.3102394,-0.6318648408934471,0.3474487593686266,-0.1028931050276356,-0.1136280795273596,Lower-middle,Faster than average
49-3021,-1.180589,Automotive Body and Related Repairers,151910.0,151910.0,48740.0,14.6,High school diploma or equivalent,0.0,10.794255327179195,11.931043519201708,9.61095385425581e-05,1.0,-1.180589,-1.1530245701467037,-0.5248711496324251,-0.0685468453097397,-0.0903661420006267,Low,
49-3022,-1.202285,Automotive Glass Installers and Repairers,16890.0,16890.0,45320.0,1.4,High school diploma or equivalent,0.0,10.721503715141942,9.734477009801846,8.288928359976317e-05,1.0,-1.202285,-1.1745426331160886,-0.6383922336805072,-0.3932969844631224,-0.1123240958729965,Low,
49-3023,-0.9547055,Automotive Service Technicians and Mechanics,676570.0,676570.0,47770.0,70.0,Postsecondary nondegree award,0.0,10.774153106384007,13.42479119500195,0.0001034630562986,2.0,-1.909411,-0.9289936254220964,-0.557068650078811,1.193365523289088,-0.0781524438240537,Low,
49-3031,-1.010472,Bus and Truck Mechanics and Diesel Engine Specialists,285030.0,285030.0,58970.0,26.5,High school diploma or equivalent,0.0,10.98478411899455,12.560349716868904,9.297266954355682e-05,1.0,-1.010472,-0.984302763446719,-0.1853036964710568,0.2516334133489649,-0.095576270328846,Low,Slower than average
49-3041,-1.20703,Farm Equipment Mechanics and Service Technicians,36830.0,36830.0,49210.0,3.7,High school diploma or equivalent,0.0,10.803852133860024,10.51406800943911,0.0001004615802335,1.0,-1.20703,-1.1792487175920163,-0.5092702989006711,-0.3453372912716067,-0.0831376935997484,Low,Faster than average
49-3042,-1.169815,"Mobile Heavy Equipment Mechanics, Except Engines",177280.0,177280.0,61900.0,16.5,High school diploma or equivalent,0.0,11.033275458672689,12.085485682541057,9.30731046931408e-05,1.0,-1.169815,-1.1423389317602657,-0.0880473291433139,-0.0075269147044863,-0.0954094543036428,Low,
49-3043,-1.448102,Rail Car Repairers,19480.0,19480.0,65030.0,1.5,High school diploma or equivalent,0.0,11.082603980863198,9.877143577196524,7.700205338809035e-05,1.0,-1.448102,-1.4183435957334054,0.0158476980702815,-0.3870675157887981,-0.1221023891043526,Low,
49-3051,-0.8863602,Motorboat Mechanics and Service Technicians,23230.0,23230.0,49990.0,2.6,High school diploma or equivalent,0.0,10.819578264407616,10.053199825764455,0.0001119242359018,1.0,-0.8863602,-0.8612088508525211,-0.4833795253458454,-0.37804801481246,-0.0640989938538279,Low,Faster than average
49-3052,-0.763721,Motorcycle Mechanics,14330.0,14330.0,46270.0,1.5,Postsecondary nondegree award,0.0,10.742249081901043,9.570110520822215,0.0001046755059316,2.0,-1.527442,-0.7395754609135923,-0.6068585992227066,-0.399454297129636,-0.076138646569188,Lower-middle,
49-3053,-0.8941408,Outdoor Power Equipment and Other Small Engine Mechanics,36080.0,36080.0,44140.0,3.5,High school diploma or equivalent,0.0,10.695121679810727,10.49349397417656,9.700665188470068e-05,1.0,-0.8941408,-0.8689256392346927,-0.6775603270070384,-0.3471411914668744,-0.0888760971058579,Low,
49-3091,-0.9226068,Bicycle Repairers,13980.0,13980.0,38320.0,1.6,High school diploma or equivalent,0.0,10.553727232084796,9.5453830157878,0.0001144492131616,1.0,-0.9226068,-0.8971581788957599,-0.8707453296853536,-0.4002961172207608,-0.0599051765303675,Low,
49-3092,-0.9244052,Recreational Vehicle Service Technicians,17360.0,17360.0,47950.0,2.8,High school diploma or equivalent,0.0,10.777914080311584,9.761923988214342,0.0001612903225806,1.0,-0.9244052,-0.8989418295430748,-0.5510938561815435,-0.3921665403407547,0.0178947542881578,Low,Faster than average
49-3093,-1.550724,Tire Repairers and Changers,101520.0,101520.0,35790.0,15.3,High school diploma or equivalent,0.0,10.48542380376007,11.52801110238827,0.0001507092198581,1.0,-1.550724,-1.5201239542347065,-0.9547243772413908,-0.1897448864291217,0.0003202546658303,Low,
49-9011,-1.383152,Mechanical Door Repairers,27800.0,27800.0,48650.0,2.7,High school diploma or equivalent,0.0,10.792407087614151,10.232791299678729,9.71223021582734e-05,1.0,-1.383152,-1.3539262750355092,-0.5278585465810589,-0.3670562496226291,-0.0886840097835312,Low,Faster than average
49-9012,-0.7606913,"Control and Valve Installers and Repairers, Except Mechanical Door",47780.0,47780.0,70100.0,3.9,High school diploma or equivalent,0.0,11.157678073022682,10.7743624208798,8.162411050648806e-05,1.0,-0.7606913,-0.7365706086192363,0.1841377261766489,-0.3190003484206991,-0.1144254632477489,Lower-middle,
49-9021,-0.8491117,"Heating, Air Conditioning, and Refrigeration Mechanics and Installers",397450.0,397450.0,57300.0,40.1,Postsecondary nondegree award,0.0,10.95605590270283,12.89282441900126,0.0001008931941124,2.0,-1.6982234,-0.8242658397668308,-0.2407365065179273,0.5220260266182826,-0.0824208119899819,Lower-middle,Slower than average
49-9031,-0.9703799,Home Appliance Repairers,29950.0,29950.0,47170.0,3.1,High school diploma or equivalent,0.0,10.761513376278309,10.307284603543597,0.0001035058430717,1.0,-0.9703799,-0.9445394737907972,-0.5769846297363692,-0.3618850690628619,-0.0780813778730404,Low,
49-9041,-1.133177,Industrial Machinery Mechanics,412650.0,412650.0,61420.0,45.7,High school diploma or equivalent,0.0,11.025490793994813,12.930355055020833,0.0001107476069308,1.0,-1.133177,-1.106001413735177,-0.1039801128693606,0.5585850705757068,-0.0660532953996561,Low,Slower than average
49-9043,-0.9735492,"Maintenance Workers, Machinery",58040.0,58040.0,57350.0,4.8,High school diploma or equivalent,0.0,10.956928122557516,10.968887706998125,8.270158511371467e-05,1.0,-0.9735492,-0.947682781173212,-0.2390768415464641,-0.2943229937494378,-0.1126358504281394,Low,
49-9044,-1.266085,Millwrights,37930.0,37930.0,62980.0,3.6,High school diploma or equivalent,0.0,11.050572494655016,10.543497634682945,9.491167940943844e-05,1.0,-1.266085,-1.2378193853951611,-0.0521985657597091,-0.3426915709852142,-0.0923557054171002,Low,
49-9045,-1.237463,"Refractory Materials Repairers, Except Brickmasons",540.0,540.0,48410.0,0.1,High school diploma or equivalent,0.0,10.78746168293374,6.29156913955832,0.0001851851851851,1.0,-1.237463,-1.209432125148584,-0.5358249384440822,-0.432622008719957,0.0575825131950356,Low,
49-9051,-1.081398,Electrical Power-Line Installers and Repairers,120170.0,120170.0,85420.0,10.7,High school diploma or equivalent,0.0,11.355335544395455,11.696662685905345,8.904052592161104e-05,1.0,-1.081398,-1.0546470727279966,0.6926590734329697,-0.1448879015734663,-0.1021072962919478,Low,
49-9052,-1.083883,Telecommunications Line Installers and Repairers,98950.0,98950.0,64640.0,8.9,High school diploma or equivalent,0.0,11.076588693194976,11.502369951030712,8.9944416371905e-05,1.0,-1.083883,-1.05711169231128,0.0029023112928687,-0.1959262510982388,-0.1006059950765694,Low,
49-9061,0.0546422,Camera and Photographic Equipment Repairers,2540.0,2540.0,46850.0,0.2,High school diploma or equivalent,0.0,10.754706287666568,7.8399193600125825,7.874015748031497e-05,1.0,0.0546422,0.0720760356492489,-0.5876064855537336,-0.4278116081992433,-0.1192155151637524,Upper-middle,
49-9062,-0.2768838,Medical Equipment Repairers,64400.0,64400.0,60670.0,7.3,Associate's degree,0.0,11.013204620936344,11.072868912092446,0.000113354037267,3.0,-0.8306514,-0.2567309953236644,-0.1288750874413084,-0.2790259200935682,-0.0617241899971538,Lower-middle,Faster than average
49-9063,-0.5306271,Musical Instrument Repairers and Tuners,6170.0,6170.0,42800.0,0.6,High school diploma or equivalent,0.0,10.664293381569887,8.727454116899434,9.72447325769854e-05,1.0,-0.5306271,-0.508393251382825,-0.7220393482422519,-0.4190807312541479,-0.0884806610963625,Lower-middle,
49-9064,-0.2123996,Watch and Clock Repairers,1880.0,1880.0,58140.0,0.1,High school diploma or equivalent,0.0,10.970609174112868,7.539027055823995,5.319148936170213e-05,1.0,-0.2123996,-0.1927756544253229,-0.2128541349973457,-0.4293990403710788,-0.1616501337453502,Lower-middle,
49-9071,-1.014408,"Maintenance and Repair Workers, General",1503150.0,1503150.0,46700.0,159.8,High school diploma or equivalent,0.0,10.75149944365699,14.223073464154584,0.0001063100821607,1.0,-1.014408,-0.98820648283497,-0.5925854804681232,3.181455954494857,-0.0734237254427351,Low,
49-9081,-0.9709935,Wind Turbine Service Technicians,9800.0,9800.0,61770.0,2.3,Postsecondary nondegree award,0.0,11.031173088689943,9.190137664658664,0.000234693877551,2.0,-1.941987,-0.9451480414271362,-0.0923624580691182,-0.4103498543090525,0.1398131197872961,Low,Faster than average
49-9091,-0.7233995,"Coin, Vending, and Amusement Machine Servicers and Repairers",36100.0,36100.0,44980.0,3.5,High school diploma or equivalent,0.0,10.713973225513309,10.494048144320972,9.69529085872576e-05,1.0,-0.7233995,-0.6995846526530808,-0.6496779554864569,-0.3470930874616672,-0.0889653611065379,Lower-middle,
49-9092,-1.102728,Commercial Divers,2790.0,2790.0,61300.0,0.4,Postsecondary nondegree award,0.0,11.023535121924304,7.933796874815411,0.0001433691756272,2.0,-2.205456,-1.075802137400608,-0.1079633088008722,-0.4272103081341541,-0.0118710648920004,Low,Slower than average
49-9094,-0.8657498,Locksmiths and Safe Repairers,14790.0,14790.0,48380.0,1.7,High school diploma or equivalent,0.0,10.786841784164018,9.601706555704846,0.0001149425287356,1.0,-0.8657498,-0.8407674844705054,-0.5368207374269601,-0.3983479050098718,-0.0590858125570791,Lower-middle,
49-9095,-1.414062,Manufactured Building and Mobile Home Installers,2910.0,2910.0,38980.0,0.3,High school diploma or equivalent,0.0,10.570803973061553,7.975908360165538,0.0001030927835051,1.0,-1.414062,-1.3845827705362324,-0.8488377520620395,-0.4269216841029112,-0.0787674420185418,Low,
49-9096,-1.221519,Riggers,23870.0,23870.0,56220.0,2.5,High school diploma or equivalent,0.0,10.937027844460523,10.080377719332876,0.0001047339757017,1.0,-1.221519,-1.1936188878705662,-0.2765852699015321,-0.3765086866458316,-0.0760415322154586,Low,
49-9097,-0.858221,Signal and Track Switch Repairers,9200.0,9200.0,82710.0,0.8,High school diploma or equivalent,0.0,11.323095792685953,9.126958763037132,8.695652173913044e-05,1.0,-0.858221,-0.8333004309821248,0.602705231979665,-0.4117929744652666,-0.1055686870069335,Lower-middle,
49-9098,-1.346555,"Helpers--Installation, Maintenance, and Repair Workers",101890.0,101890.0,36710.0,11.8,High school diploma or equivalent,0.0,10.51080447649088,11.53164907896833,0.0001158111689076,1.0,-1.346555,-1.317629420754048,-0.9241865417664682,-0.1888549623327897,-0.0576430596819425,Low,
49-9099,-0.5900791,"Installation, Maintenance, and Repair Workers, All Other",175860.0,175860.0,46500.0,21.5,High school diploma or equivalent,0.0,10.747207591575448,12.077443502932994,0.0001222563402706,1.0,-0.5900791,-0.56735766324012,-0.599224140353976,-0.010942299074193,-0.0469380637419106,Lower-middle,
51-1011,-0.0845282,First-Line Supervisors of Production and Operating Workers,671160.0,671160.0,65930.0,67.7,High school diploma or equivalent,0.0,11.096348852107344,13.416762837603637,0.0001008701352881,1.0,-0.0845282,-0.0659529757203351,0.0457216675566189,1.1803533898805576,-0.0824591111455369,Upper-middle,
51-2011,-0.8684706,"Aircraft Structure, Surfaces, Rigging, and Systems Assemblers",29810.0,29810.0,61240.0,2.8,High school diploma or equivalent,0.0,11.02255584977162,10.302599186672117,9.392821200939282e-05,1.0,-0.8684706,-0.843465970169579,-0.109954906766628,-0.3622217970993118,-0.0939891785913033,Lower-middle,
51-2021,-0.8289722,"Coil Winders, Tapers, and Finishers",11900.0,11900.0,44890.0,1.2,High school diploma or equivalent,0.0,10.711970331775978,9.38429367909962,0.0001008403361344,1.0,-0.8289722,-0.8042915113573577,-0.6526653524350906,-0.4052989337623031,-0.0825086055346618,Lower-middle,
51-2031,-0.9561453,Engine and Other Machine Assemblers,47960.0,47960.0,50270.0,2.8,High school diploma or equivalent,0.0,10.82516375668662,10.77812260914145,5.838198498748957e-05,1.0,-0.9561453,-0.9304216170824634,-0.4740854015056515,-0.3185674123738349,-0.1530290697780556,Low,
51-2041,-1.076307,Structural Metal Fabricators and Fitters,57810.0,57810.0,48480.0,4.1,High school diploma or equivalent,0.0,10.788906620743196,10.964917050076522,7.092198581560284e-05,1.0,-1.076307,-1.0495978259277965,-0.5335014074840337,-0.2948761898093199,-0.1322009722160447,Low,
51-3011,-0.3852989,Bakers,220230.0,220230.0,34950.0,39.9,No formal educational credential,0.0,10.461673747661957,12.302427733772936,0.0001811742269445,0.0,-0.0,-0.3642569424398226,-0.9826067487619724,0.0957764364778406,0.0509205814537197,Lower-middle,Faster than average
51-3021,-0.9709924,Butchers and Meat Cutters,136330.0,136330.0,37650.0,16.9,No formal educational credential,0.0,10.53608823322804,11.822833696180176,0.000123963911098,0.0,-0.0,-0.9451469504486486,-0.8929848403029602,-0.1060198653660995,-0.0441019034996068,Low,
51-3022,-1.10563,"Meat, Poultry, and Fish Cutters and Trimmers",138300.0,138300.0,36300.0,18.4,No formal educational credential,0.0,10.499573020252942,11.83718051765285,0.0001330441070137,0.0,-0.0,-1.078680337010543,-0.9377957945324664,-0.1012816208531965,-0.0290203090877706,Low,
51-3023,-1.834668,Slaughterers and Meat Packers,71310.0,71310.0,38160.0,8.4,No formal educational credential,0.0,10.549543125562224,11.17479184902235,0.0001177955405973,0.0,-0.0,-1.8017392230298324,-0.8760562575940357,-0.2624059862945023,-0.0543471518331434,Low,
51-3091,-0.758859,"Food and Tobacco Roasting, Baking, and Drying Machine Operators and Tenders",19570.0,19570.0,39850.0,2.4,No formal educational credential,0.0,10.592877684218362,9.88175306039012,0.0001226366888094,0.0,-0.0,-0.7347533359985319,-0.81995958155858,-0.386851047765366,-0.0463063304126332,Lower-middle,
51-3092,-0.3791114,Food Batchmakers,169190.0,169190.0,38460.0,24.2,High school diploma or equivalent,0.0,10.55737401914277,12.038777622752844,0.0001430344583013,1.0,-0.3791114,-0.3581201884472402,-0.8660982677652566,-0.0269849848107732,-0.0124270078473128,Lower-middle,
51-3093,-0.5559894,Food Cooking Machine Operators and Tenders,29730.0,29730.0,38550.0,4.4,High school diploma or equivalent,0.0,10.559711378991476,10.299911915992144,0.0001479986545576,1.0,-0.5559894,-0.5335475456512814,-0.8631108708166229,-0.3624142131201404,-0.0041818119049968,Lower-middle,
51-4021,-1.234352,"Extruding and Drawing Machine Setters, Operators, and Tenders, Metal and Plastic",63370.0,63370.0,44390.0,6.5,High school diploma or equivalent,0.0,10.70076949782808,11.056745842317564,0.0001025721950449,1.0,-1.234352,-1.2063466396260103,-0.6692620021497225,-0.2815032763617358,-0.079632104420636,Low,
51-4022,-0.8046677,"Forging Machine Setters, Operators, and Tenders, Metal and Plastic",9170.0,9170.0,46990.0,0.6,High school diploma or equivalent,0.0,10.757690092096862,9.123692565250511,6.543075245365322e-05,1.0,-0.8046677,-0.7801863416744936,-0.5829594236336367,-0.4118651304730774,-0.1413215413265384,Lower-middle,
51-4023,-1.08921,"Rolling Machine Setters, Operators, and Tenders, Metal and Plastic",24750.0,24750.0,47040.0,1.9,High school diploma or equivalent,0.0,10.758753582572508,10.116580767996837,7.676767676767676e-05,1.0,-1.08921,-1.0623950035869951,-0.5812997586621735,-0.3743921104167175,-0.122491672899716,Low,
51-4031,-1.036569,"Cutting, Punching, and Press Machine Setters, Operators, and Tenders, Metal and Plastic",179230.0,179230.0,42400.0,14.4,High school diploma or equivalent,0.0,10.654903641220049,12.096425176225644,8.034369246219941e-05,1.0,-1.036569,-1.0101857321650098,-0.7353166680139573,-0.0028367741967904,-0.1165521514603059,Low,
51-4032,-0.7598132,"Drilling and Boring Machine Tool Setters, Operators, and Tenders, Metal and Plastic",5740.0,5740.0,44620.0,0.4,High school diploma or equivalent,0.0,10.705937467986525,8.655214489313613,6.968641114982578e-05,1.0,-0.7598132,-0.7356997102465678,-0.6616275432809918,-0.4201149673661014,-0.1342531785943935,Lower-middle,
51-4033,-0.9901662,"Grinding, Lapping, Polishing, and Buffing Machine Tool Setters, Operators, and Tenders, Metal and Plastic",75260.0,75260.0,42610.0,5.5,High school diploma or equivalent,0.0,10.659844246493956,11.228704064147427,7.307998937018336e-05,1.0,-0.9901662,-0.9641634989258976,-0.728346075133812,-0.2529054452660927,-0.1286166735234,Low,
51-4034,-1.06734,"Lathe and Turning Machine Tool Setters, Operators, and Tenders, Metal and Plastic",19560.0,19560.0,47110.0,1.5,High school diploma or equivalent,0.0,10.760240571694087,9.881241943588808,7.668711656441718e-05,1.0,-1.06734,-1.040704367656849,-0.5789762277021251,-0.3868750997679696,-0.1226254779764545,Low,
51-4035,-0.8703219,"Milling and Planing Machine Setters, Operators, and Tenders, Metal and Plastic",13990.0,13990.0,47200.0,1.1,High school diploma or equivalent,0.0,10.762149171573649,9.546098067659528,7.86275911365261e-05,1.0,-0.8703219,-0.8453020869641598,-0.5759888307534913,-0.4002720652181573,-0.1194024802862249,Lower-middle,
51-4041,-0.8675535,Machinists,290720.0,290720.0,50840.0,29.5,High school diploma or equivalent,0.0,10.83643872530339,12.58011588363,0.0001014722069345,1.0,-0.8675535,-0.842556391650533,-0.4551652208309712,0.2653190028303954,-0.0814591106541991,Lower-middle,
51-4051,-1.167465,Metal-Refining Furnace Operators and Tenders,20870.0,20870.0,50250.0,2.0,High school diploma or equivalent,0.0,10.824765825921322,9.946068000071246,9.583133684714902e-05,1.0,-1.167465,-1.1400082049913658,-0.4747492674942368,-0.3837242874269021,-0.0908282162965794,Low,
51-4052,-1.00914,"Pourers and Casters, Metal",5460.0,5460.0,48690.0,0.6,High school diploma or equivalent,0.0,10.793228949176749,8.605204068738951,0.0001098901098901,1.0,-1.00914,-0.9829816876781338,-0.5265308146038883,-0.4207884234390013,-0.0674775402835049,Low,
51-4061,-0.7421977,"Model Makers, Metal and Plastic",2840.0,2840.0,64190.0,0.3,High school diploma or equivalent,0.0,11.069602714305825,7.951559331155252,0.0001056338028169,1.0,-0.7421977,-0.7182286815667558,-0.0120346734502999,-0.4270900481211362,-0.0745469799262774,Lower-middle,
51-4062,-0.6131331,"Patternmakers, Metal and Plastic",2150.0,2150.0,49670.0,0.1,High school diploma or equivalent,0.0,10.813156408101396,7.673223121121708,4.651162790697675e-05,1.0,-0.6131331,-0.5902225887423418,-0.4940013811632098,-0.4287496363007825,-0.1727449341354607,Lower-middle,
51-4071,-1.740349,Foundry Mold and Coremakers,11780.0,11780.0,44300.0,0.9,High school diploma or equivalent,0.0,10.698739956033227,9.374158457205578,7.64006791171477e-05,1.0,-1.740349,-1.7081937685124364,-0.6722493990983562,-0.4055875577935459,-0.1231012313020657,Low,
51-4072,-1.146139,"Molding, Coremaking, and Casting Machine Setters, Operators, and Tenders, Metal and Plastic",158980.0,158980.0,38870.0,15.9,High school diploma or equivalent,0.0,10.567978023846267,11.976533687127104,0.0001000125801987,1.0,-1.146139,-1.1188571075132543,-0.8524890149992584,-0.0515420794690167,-0.0838834524443497,Low,
51-4081,-0.74266,"Multiple Machine Tool Setters, Operators, and Tenders, Metal and Plastic",127790.0,127790.0,41600.0,12.8,High school diploma or equivalent,0.0,10.635855446249357,11.75814357060275,0.0001001643321073,1.0,-0.74266,-0.7186871900711228,-0.7618713075573684,-0.1265602755895471,-0.0836314027355185,Lower-middle,
51-4111,-0.5317897,Tool and Die Makers,58150.0,58150.0,61490.0,4.7,Postsecondary nondegree award,0.0,11.026629838947516,10.97078115794681,8.082545141874463e-05,2.0,-1.0635794,-0.5095463164643241,-0.1016565819093121,-0.2940584217207985,-0.1157519822509226,Lower-middle,
51-4121,-1.197596,"Welders, Cutters, Solderers, and Brazers",421730.0,421730.0,48940.0,45.6,High school diploma or equivalent,0.0,10.798350336996664,12.952120577825571,0.0001081260522135,1.0,-1.197596,-1.1698920893631644,-0.5182324897465723,0.5804242889397471,-0.0704075213813564,Low,
51-4122,-1.002411,"Welding, Soldering, and Brazing Machine Setters, Operators, and Tenders",33020.0,33020.0,45350.0,3.2,High school diploma or equivalent,0.0,10.722165455543283,10.40486871747412,9.691096305269534e-05,1.0,-1.002411,-0.9763078747300792,-0.6373964346976293,-0.3545011042635663,-0.0890350298169414,Low,
51-4191,-1.092486,"Heat Treating Equipment Setters, Operators, and Tenders, Metal and Plastic",14950.0,14950.0,44240.0,1.2,High school diploma or equivalent,0.0,10.697384636196215,9.612466578818832,8.026755852842809e-05,1.0,-1.092486,-1.0656441358827045,-0.674240997064112,-0.3979630729682147,-0.1166786048012669,Low,
51-4192,-0.7221353,"Layout Workers, Metal and Plastic",6660.0,6660.0,62270.0,0.5,High school diploma or equivalent,0.0,11.039235047866498,8.803874763534434,7.507507507507507e-05,1.0,-0.7221353,-0.6983308208312751,-0.0757658083544863,-0.417902183126573,-0.1253029704163875,Lower-middle,
51-4193,-0.8999876,"Plating Machine Setters, Operators, and Tenders, Metal and Plastic",31970.0,31970.0,39740.0,2.5,High school diploma or equivalent,0.0,10.590113516105808,10.372553242053888,7.819831091648421e-05,1.0,-0.8999876,-0.874724487435716,-0.823610844495799,-0.357026564536941,-0.120115485845557,Low,
51-4194,-0.8809238,"Tool Grinders, Filers, and Sharpeners",6660.0,6660.0,46410.0,0.5,High school diploma or equivalent,0.0,10.74527023223522,8.803874763534434,7.507507507507507e-05,1.0,-0.8809238,-0.8558170368072241,-0.6022115373026097,-0.417902183126573,-0.1253029704163875,Lower-middle,
51-5111,0.4107973,Prepress Technicians and Workers,23590.0,23590.0,45070.0,2.8,Postsecondary nondegree award,0.0,10.715972115684696,10.06857817240172,0.0001186943620178,2.0,0.8215946,0.425310174138722,-0.6466905585378231,-0.3771821427187315,-0.0528542699353044,Upper-middle,
51-5112,-0.7093881,Printing Press Operators,151450.0,151450.0,41860.0,13.7,High school diploma or equivalent,0.0,10.642085995999992,11.928010816455384,9.04588973258501e-05,1.0,-0.7093881,-0.6856881653978613,-0.7532410497057598,-0.0696532374295039,-0.0997514768313599,Lower-middle,
51-5113,-0.9062089,Print Binding and Finishing Workers,38880.0,38880.0,38100.0,2.8,High school diploma or equivalent,0.0,10.547969561114792,10.568235258574376,7.201646090534978e-05,1.0,-0.9062089,-0.8808947642218256,-0.8780478555597916,-0.3404066307378752,-0.1303831227389271,Low,
51-6011,-1.054399,Laundry and Dry-Cleaning Workers,185000.0,185000.0,31050.0,31.9,No formal educational credential,0.0,10.343354087361623,12.128111104060462,0.0001724324324324,0.0,-0.0,-1.0278695016498982,-1.112060616536101,0.0110412313054685,0.0364010490022217,Low,
51-6021,-1.950063,"Pressers, Textile, Garment, and Related Materials",28700.0,28700.0,32240.0,2.8,No formal educational credential,0.0,10.380963196620565,10.264652401747712,9.756097560975608e-05,0.0,-0.0,-1.9161878253690736,-1.0725605902152773,-0.3648915693883079,-0.0879554026988441,Low,
51-6031,-0.9639661,Sewing Machine Operators,116130.0,116130.0,34440.0,13.0,No formal educational credential,0.0,10.446973958541667,11.662465532239803,0.0001119435115818,0.0,-0.0,-0.9381782757693626,-0.9995353314708968,-0.154604910625308,-0.0640669782464087,Low,
51-6041,-0.990912,Shoe and Leather Workers and Repairers,7230.0,7230.0,36020.0,0.9,High school diploma or equivalent,0.0,10.491829618729946,8.88599431515281,0.0001244813278008,1.0,-0.990912,-0.9649031823404702,-0.9470899183726602,-0.4165312189781696,-0.0432425091731631,Low,
51-6042,-1.029855,Shoe Machine Operators and Tenders,4630.0,4630.0,36970.0,0.4,High school diploma or equivalent,0.0,10.517862051930678,8.440312147080279,8.639308855291577e-05,1.0,-1.029855,-1.0035267961963312,-0.9155562839148595,-0.4227847396550975,-0.1065045116159594,Low,
51-6051,-0.5987218,"Sewers, Hand",3390.0,3390.0,32240.0,0.7,No formal educational credential,0.0,10.380963196620565,8.128585200374497,0.0002064896755162,0.0,-0.0,-0.5759294812169593,-1.0725605902152773,-0.42576718797794,0.0929678380611235,Lower-middle,
51-6052,-0.4305268,"Tailors, Dressmakers, and Custom Sewers",14950.0,14950.0,36650.0,5.0,No formal educational credential,0.0,10.509168707314798,9.612466578818832,0.0003344481605351,0.0,-0.0,-0.4091139114743473,-0.926178139732224,-0.3979630729682147,0.3054982713833999,Lower-middle,
51-6061,-0.8609312,Textile Bleaching and Dyeing Machine Operators and Tenders,6650.0,6650.0,35340.0,0.7,High school diploma or equivalent,0.0,10.472770745873689,8.8023721336499,0.0001052631578947,1.0,-0.8609312,-0.8359884036157728,-0.9696613619845597,-0.4179262351291766,-0.0751625962013897,Lower-middle,
51-6062,-1.022949,"Textile Cutting Machine Setters, Operators, and Tenders",9760.0,9760.0,36620.0,1.0,High school diploma or equivalent,0.0,10.5083498182285,9.18604767940714,0.0001024590163934,1.0,-1.022949,-0.9966774348916404,-0.927173938715102,-0.4104460623194668,-0.0798200865450667,Low,
51-6063,-1.241662,"Textile Knitting and Weaving Machine Setters, Operators, and Tenders",15980.0,15980.0,37130.0,1.7,High school diploma or equivalent,0.0,10.522180547171123,9.679093219320263,0.0001063829787234,1.0,-1.241662,-1.213596687575227,-0.9102453560061774,-0.3954857167000472,-0.0733026491574335,Low,
51-6064,-1.392929,"Textile Winding, Twisting, and Drawing Out Machine Setters, Operators, and Tenders",23550.0,23550.0,35530.0,2.5,High school diploma or equivalent,0.0,10.478132689015071,10.066881099444563,0.0001061571125265,1.0,-1.392929,-1.3636230901927586,-0.9633546350929996,-0.3772783507291458,-0.073677797711947,Low,
51-6091,-0.8596925,"Extruding and Forming Machine Setters, Operators, and Tenders, Synthetic and Glass Fibers",14520.0,14520.0,44030.0,2.0,High school diploma or equivalent,0.0,10.6926264987498,9.583282288378786,0.0001377410468319,1.0,-0.8596925,-0.8347598626589061,-0.6812115899442575,-0.3989973090801681,-0.0212190081056038,Lower-middle,
51-6092,-0.0831096,Fabric and Apparel Patternmakers,2670.0,2670.0,62510.0,0.3,High school diploma or equivalent,0.0,11.043081822925858,7.889833751394295,0.0001123595505617,1.0,-0.0831096,-0.0645460101908196,-0.0677994164914631,-0.4274989321653969,-0.0633759654958699,Upper-middle,
51-6093,-1.313735,Upholsterers,25740.0,25740.0,42730.0,2.2,High school diploma or equivalent,0.0,10.66265652863807,10.155801481150116,8.547008547008548e-05,1.0,-1.313735,-1.2850785898794532,-0.7243628792023004,-0.3720109621589642,-0.1080375576278965,Low,
51-7011,-1.327489,Cabinetmakers and Bench Carpenters,88460.0,88460.0,43260.0,8.1,High school diploma or equivalent,0.0,10.67498369950705,11.390305751422318,9.156680985756274e-05,1.0,-1.327489,-1.298719788168581,-0.7067704305047905,-0.2211568018293822,-0.0979113086673393,Low,
51-7021,-1.197727,Furniture Finishers,14380.0,14380.0,39790.0,2.0,High school diploma or equivalent,0.0,10.591370903420977,9.573593631275038,0.0001390820584144,1.0,-1.197727,-1.1700220149830476,-0.8219511795243358,-0.3993340371166181,-0.0189916781033873,Low,
51-7031,-0.7278869,"Model Makers, Wood",590.0,590.0,45040.0,0.1,High school diploma or equivalent,0.0,10.715306262813572,6.380122536899765,0.0001694915254237,1.0,-0.7278869,-0.7040352498031922,-0.647686357520701,-0.4325017487069392,0.031516400353654,Lower-middle,
51-7032,-1.057897,"Patternmakers, Wood",260.0,260.0,48630.0,0.0,High school diploma or equivalent,0.0,10.791995903397831,5.560681631015528,0.0,1.0,-1.057897,-1.0313388132403714,-0.5285224125696442,-0.4332954647928569,-0.2499976183332669,Low,
51-7041,-1.165031,"Sawing Machine Setters, Operators, and Tenders, Wood",43570.0,43570.0,38000.0,4.8,High school diploma or equivalent,0.0,10.545341438708522,10.682124119111489,0.0001101675464769,1.0,-1.165031,-1.1375941671379604,-0.881367185502718,-0.3291262415168015,-0.0670167367814284,Low,
51-7042,-1.130357,"Woodworking Machine Setters, Operators, and Tenders, Except Sawing",61250.0,61250.0,38260.0,6.4,High school diploma or equivalent,0.0,10.552160242994244,11.022719128406973,0.0001044897959183,1.0,-1.130357,-1.103204541612497,-0.8727369276511093,-0.2866023009136923,-0.0764470984048075,Low,
51-8011,0.7705302,Nuclear Power Reactor Operators,5760.0,5760.0,120350.0,0.4,High school diploma or equivalent,0.0,11.698159443211216,8.658692753689937,6.944444444444444e-05,1.0,0.7705302,0.7820927697489486,1.852101022497153,-0.4200668633608942,-0.1346550690101535,Upper-middle,
51-8012,0.5012214,Power Distributors and Dispatchers,9040.0,9040.0,104750.0,0.8,High school diploma or equivalent,0.0,11.559331837784384,9.109414453386222,8.849557522123894e-05,1.0,0.5012214,0.5149926721913569,1.3342855514006382,-0.4121778065069237,-0.103012422735671,Upper-middle,
51-8013,-0.3482779,Power Plant Operators,31490.0,31490.0,97010.0,2.5,High school diploma or equivalent,0.0,11.48256934495533,10.357425314095073,7.939028262940616e-05,1.0,-0.3482779,-0.3275395655413343,1.077369413818137,-0.3581810606619123,-0.1181357010378689,Lower-middle,
51-8021,-0.5032496,Stationary Engineers and Boiler Operators,33840.0,33840.0,67640.0,3.8,High school diploma or equivalent,0.0,11.121954803012516,10.42939881372016,0.000112293144208,1.0,-0.5032496,-0.4812402845251396,0.10248220958066,-0.3525288400500737,-0.0634862619809983,Lower-middle,
51-8031,-0.44501,Water and Wastewater Treatment Plant and System Operators,120710.0,120710.0,54890.0,10.7,High school diploma or equivalent,0.0,10.913086461543935,11.701146253695171,8.864220031480407e-05,1.0,-0.44501,-0.4234783293208719,-0.320732358142453,-0.1435890934328736,-0.1027688883216248,Lower-middle,
51-8091,-0.3831282,Chemical Plant and System Operators,17980.0,17980.0,80030.0,1.6,High school diploma or equivalent,0.0,11.290156843361093,9.79701530802561,8.898776418242492e-05,1.0,-0.3831282,-0.3621040451643966,0.513747189509238,-0.3906753161793334,-0.1021949299904118,Lower-middle,
51-8092,-0.2982082,Gas Plant Operators,15930.0,15930.0,82560.0,1.3,High school diploma or equivalent,0.0,11.32128058071539,9.675959402904097,8.160703075957313e-05,1.0,-0.2982082,-0.2778805059239756,0.5977262370652754,-0.395605976713065,-0.1144538315580827,Lower-middle,Slower than average
51-8093,-0.370036,"Petroleum Pump System Operators, Refinery Operators, and Gaugers",33360.0,33360.0,94580.0,3.2,High school diploma or equivalent,0.0,11.457201316197867,10.415112856472684,9.59232613908873e-05,1.0,-0.370036,-0.3491192192053358,0.9967096962050258,-0.353683336175045,-0.0906755358150095,Lower-middle,
51-8099,-0.6702387,"Plant and System Operators, All Other",15370.0,15370.0,56940.0,1.6,High school diploma or equivalent,0.0,10.949753360832029,9.640172836532642,0.0001040988939492,1.0,-0.6702387,-0.6468598443057871,-0.2526860943124622,-0.3969528888588648,-0.0770963602718138,Lower-middle,
51-9011,-0.511521,Chemical Equipment Operators and Tenders,120260.0,120260.0,51720.0,14.4,High school diploma or equivalent,0.0,10.853599832885791,11.69741134459356,0.0001197405621154,1.0,-0.511521,-0.4894438476724927,-0.4259551173332191,-0.1446714335500342,-0.0511166019717102,Lower-middle,
51-9012,-0.9379141,"Separating, Filtering, Clarifying, Precipitating, and Still Machine Setters, Operators, and Tenders",53170.0,53170.0,48120.0,5.4,High school diploma or equivalent,0.0,10.781453170088616,10.881249606498384,0.0001015610306563,1.0,-0.9379141,-0.9123399379891995,-0.5454509952785687,-0.3060363190173757,-0.0813115804290859,Low,
51-9021,-1.043476,"Crushing, Grinding, and Polishing Machine Setters, Operators, and Tenders",26210.0,26210.0,44510.0,2.7,High school diploma or equivalent,0.0,10.7034691620099,10.173896296317452,0.0001030141167493,1.0,-1.043476,-1.0170360852683258,-0.6652788062182109,-0.3708805180365965,-0.0788981022064965,Low,
51-9022,-1.146524,"Grinding and Polishing Workers, Hand",12290.0,12290.0,38940.0,0.8,No formal educational credential,0.0,10.56977727892619,9.41654120256008,6.509357200976404e-05,0.0,-0.0,-1.119238949983904,-0.85016548403921,-0.404360905660764,-0.1418815753550515,Low,
51-9023,-0.819664,"Mixing and Blending Machine Setters, Operators, and Tenders",105740.0,105740.0,46100.0,8.8,High school diploma or equivalent,0.0,10.73856822898474,11.56873852978944,8.322299981085682e-05,1.0,-0.819664,-0.7950596513955384,-0.6125014601256814,-0.1795949413304157,-0.1117698157020494,Lower-middle,
51-9031,-0.9479839,"Cutters and Trimmers, Hand",7220.0,7220.0,37040.0,0.6,No formal educational credential,0.0,10.519753688760115,8.884610231886873,8.310249307479224e-05,0.0,-0.0,-0.9223271517838674,-0.9132327529548112,-0.4165552709807732,-0.1119699692817849,Low,
51-9032,-1.079282,"Cutting and Slicing Machine Setters, Operators, and Tenders",52720.0,52720.0,44310.0,5.3,High school diploma or equivalent,0.0,10.698965664193535,10.872750169176388,0.0001005311077389,1.0,-1.079282,-1.0525484268373615,-0.6719174661040636,-0.3071186591345363,-0.0830222130916125,Low,
51-9041,-1.042151,"Extruding, Forming, Pressing, and Compacting Machine Setters, Operators, and Tenders",57080.0,57080.0,42670.0,5.2,High school diploma or equivalent,0.0,10.661251376182046,10.952209071590772,9.110021023125438e-05,1.0,-1.042151,-1.0157219520901162,-0.7263544771680561,-0.2966319859993804,-0.0986862992492666,Low,
51-9051,-0.9582346,"Furnace, Kiln, Oven, Drier, and Kettle Operators and Tenders",14820.0,14820.0,45640.0,1.9,High school diploma or equivalent,0.0,10.728539803976012,9.603732898850078,0.0001282051282051,1.0,-0.9582346,-0.9324937819498093,-0.6277703778631428,-0.3982757490020611,-0.0370575272752113,Low,
51-9061,-0.0293395,"Inspectors, Testers, Sorters, Samplers, and Weighers",584630.0,584630.0,45850.0,69.9,High school diploma or equivalent,0.0,10.733130477684613,13.278734447482528,0.0001195628004036,1.0,-0.0293395,-0.0112168989412746,-0.6207997849829974,0.9722314113518788,-0.0514118522133738,Upper-middle,
51-9071,-0.1560197,Jewelers and Precious Stone and Metal Workers,24060.0,24060.0,47450.0,4.0,High school diploma or equivalent,0.0,10.767431804038074,10.08830598952867,0.0001662510390689,1.0,-0.1560197,-0.1368581471240864,-0.5676905058961754,-0.3760516985963638,0.0261341705699473,Lower-middle,
51-9081,0.0013206,Dental Laboratory Technicians,34190.0,34190.0,47690.0,3.9,High school diploma or equivalent,0.0,10.77247701129227,10.439688482633349,0.0001140684410646,1.0,0.0013206,0.0191917460830451,-0.559724114033152,-0.3516870199589488,-0.0605376133614608,Upper-middle,Faster than average
51-9082,-0.4949538,Medical Appliance Technicians,12550.0,12550.0,44960.0,1.5,High school diploma or equivalent,0.0,10.713528484567572,9.43747594455993,0.0001195219123505,1.0,-0.4949538,-0.4730125214913351,-0.6503418214750422,-0.4037355535930712,-0.0514797645181872,Lower-middle,Faster than average
51-9083,-0.5966759,Ophthalmic Laboratory Technicians,18240.0,18240.0,37720.0,2.4,High school diploma or equivalent,0.0,10.537945736747394,9.811372263628323,0.0001315789473684,1.0,-0.5966759,-0.5739003604099413,-0.8906613093429118,-0.3900499641116406,-0.0314538406684203,Lower-middle,Faster than average
51-9111,-0.978608,Packaging and Filling Machine Operators and Tenders,371600.0,371600.0,38330.0,45.3,High school diploma or equivalent,0.0,10.5539881583746,12.82557328592182,0.0001219052744886,1.0,-0.978608,-0.9527000920576848,-0.8704133966910609,0.4598515998880579,-0.0475211603826389,Low,
51-9123,-0.9705587,"Painting, Coating, and Decorating Workers",10700.0,10700.0,40230.0,0.8,No formal educational credential,0.0,10.602368264943834,9.277999020449997,7.476635514018692e-05,0.0,-0.0,-0.9447168073849584,-0.8073461277754598,-0.4081851740747313,-0.1258157334545504,Low,
51-9141,-0.6372312,Semiconductor Processing Technicians,26450.0,26450.0,45850.0,3.9,High school diploma or equivalent,0.0,10.733130477684613,10.183011437286446,0.0001474480151228,1.0,-0.6372312,-0.6141230511889926,-0.6207997849829974,-0.3703032699741109,-0.0050963869538321,Lower-middle,
51-9151,-0.3615806,Photographic Process Workers and Processing Machine Operators,5770.0,5770.0,35620.0,1.5,High school diploma or equivalent,0.0,10.480662556843653,8.660427359502146,0.0002599653379549,1.0,-0.3615806,-0.340733165110971,-0.9603672381443658,-0.4200428113582907,0.1817873150080244,Lower-middle,
51-9191,-1.311418,Adhesive Bonding Machine Operators and Tenders,12510.0,12510.0,43540.0,1.3,High school diploma or equivalent,0.0,10.68143533478854,9.434283603460957,0.0001039168665067,1.0,-1.311418,-1.28278059246518,-0.6974763066645967,-0.4038317616034854,-0.0773986956051547,Low,
51-9192,-1.141885,"Cleaning, Washing, and Metal Pickling Equipment Operators and Tenders",15210.0,15210.0,39340.0,1.6,High school diploma or equivalent,0.0,10.57999709194305,9.62970838525334,0.0001051939513477,1.0,-1.141885,-1.1146379961622328,-0.8368881642675045,-0.3973377209005219,-0.0752775436189649,Low,
51-9193,-0.9604952,Cooling and Freezing Equipment Operators and Tenders,6500.0,6500.0,42420.0,0.8,High school diploma or equivalent,0.0,10.655375228118674,8.779557455883728,0.0001230769230769,1.0,-0.9604952,-0.9347358419216284,-0.7346528020253721,-0.4182870151682301,-0.0455751309175335,Low,
51-9194,-0.6395226,Etchers and Engravers,8140.0,8140.0,40040.0,0.9,High school diploma or equivalent,0.0,10.597634233429156,9.004545458996587,0.0001105651105651,1.0,-0.6395226,-0.6163956585584639,-0.8136528546670199,-0.4143424867412449,-0.0663564095829536,Lower-middle,
51-9195,-1.183408,"Molders, Shapers, and Casters, Except Metal and Plastic",38480.0,38480.0,43310.0,5.5,High school diploma or equivalent,0.0,10.676138834208672,10.557893904779643,0.0001429313929313,1.0,-1.183408,-1.1558204504707583,-0.7051107655333274,-0.3413687108420179,-0.0125981924915157,Low,
51-9196,-0.8740445,"Paper Goods Machine Setters, Operators, and Tenders",96460.0,96460.0,47250.0,8.1,High school diploma or equivalent,0.0,10.763207932921889,11.476883693622964,8.397263114244246e-05,1.0,-0.8740445,-0.8489941565258223,-0.5743291657820281,-0.2019151997465274,-0.1105247285027885,Lower-middle,
51-9197,-1.610915,Tire Builders,20660.0,20660.0,54080.0,2.5,High school diploma or equivalent,0.0,10.898219710716846,9.93595474267363,0.0001210067763794,1.0,-1.610915,-1.579821305275924,-0.3476189306801566,-0.3842293794815771,-0.0490135052823431,Low,
51-9198,-1.411304,Helpers--Production Workers,181810.0,181810.0,36700.0,23.6,High school diploma or equivalent,0.0,10.510532034042662,12.110717464713318,0.0001298058412628,1.0,-1.411304,-1.3818473899283064,-0.9245184747607608,0.0033686424749302,-0.034398850597901,Low,
51-9199,-1.290964,"Production Workers, All Other",243500.0,243500.0,37430.0,31.6,High school diploma or equivalent,0.0,10.530227800898476,12.40287222150478,0.00012977412731,1.0,-1.290964,-1.2624943433881244,-0.9002873661773982,0.1517454465363446,-0.03445152533947,Low,
53-2011,-0.2070626,"Airline Pilots, Copilots, and Flight Engineers",93670.0,93670.0,219140.0,11.7,Bachelor's degree,0.0,12.297466073959384,11.447533246203175,0.0001249065869542,4.0,-0.8282504,-0.1874824251633572,5.13126707311412,-0.208625708472923,-0.0425361823349947,Lower-middle,
53-2012,-0.1817332,Commercial Pilots,52750.0,52750.0,113080.0,6.6,Postsecondary nondegree award,0.0,11.635850811807527,10.873319051338314,0.0001251184834123,2.0,-0.3634664,-0.1623607610696653,1.6107857356464057,-0.3070465031267256,-0.0421842365765143,Lower-middle,
53-2021,1.152798,Air Traffic Controllers,22310.0,22310.0,137380.0,2.2,Associate's degree,0.0,11.830506087767873,10.012790287426578,9.861048857014791e-05,3.0,3.458394,1.161225448195126,2.4173829117775147,-0.3802607990519883,-0.086212232293095,High,Slower than average
53-2022,0.4845738,Airfield Operations Specialists,18320.0,18320.0,51140.0,1.6,High school diploma or equivalent,0.0,10.842322248845178,9.815748638228122,8.733624454148472e-05,1.0,0.4845738,0.4984816054007441,-0.445207231002192,-0.3898575480908121,-0.1049379929836744,Upper-middle,Little or no change
53-2031,-0.7621183,Flight Attendants,126020.0,126020.0,68370.0,19.8,High school diploma or equivalent,0.0,11.13268941090784,11.744195903496047,0.0001571179177908,1.0,-0.7621183,-0.7379859052572024,0.1267133181640225,-0.1308174800503787,0.010964670692333,Lower-middle,Faster than average
53-3011,-0.8298703,"Ambulance Drivers and Attendants, Except Emergency Medical Technicians",11520.0,11520.0,32580.0,1.4,High school diploma or equivalent,0.0,10.391453882156036,9.351839934249885,0.0001215277777777,1.0,-0.8298703,-0.8051822457025274,-1.0612748684093276,-0.4062129098612387,-0.0481481570178183,Lower-middle,
53-3031,-0.7293087,Driver/Sales Workers,463120.0,463120.0,35420.0,51.3,High school diploma or equivalent,0.0,10.475031911336824,13.045741478752886,0.0001107704266712,1.0,-0.7293087,-0.705445389088308,-0.9670058980302184,0.6799755277159173,-0.0660153933462865,Lower-middle,
53-3032,-1.149057,Heavy and Tractor-Trailer Truck Drivers,2044400.0,2044400.0,54320.0,237.6,Postsecondary nondegree award,0.0,10.902647762232576,14.53061490587626,0.0001162199178243,2.0,-2.298114,-1.1217511759011909,-0.3396525388171333,4.483270595413006,-0.0569641552359898,Low,
53-3033,-1.120501,Light Truck Drivers,1003960.0,1003960.0,42470.0,120.2,High school diploma or equivalent,0.0,10.656553223307316,13.819462737802702,0.0001197258854934,1.0,-1.120501,-1.0934293743638677,-0.7329931370539089,1.9808040365273192,-0.0511409788532173,Low,Slower than average
53-4011,-0.4977403,Locomotive Engineers,32390.0,32390.0,74770.0,2.2,High school diploma or equivalent,0.0,11.222172013993962,10.385605012165374,6.792219820932388e-05,1.0,-0.4977403,-0.4757761683600755,0.3391504345113106,-0.3560163804275911,-0.1371834175751244,Lower-middle,Slower than average
53-4013,-0.8320907,"Rail Yard Engineers, Dinkey Operators, and Hostlers",2430.0,2430.0,57070.0,0.2,High school diploma or equivalent,0.0,10.952033863530756,7.795646536334594,8.23045267489712e-05,1.0,-0.8320907,-0.8073844353696191,-0.2483709653866579,-0.4280761802278826,-0.1132953376540213,Lower-middle,
53-4031,-0.4662731,Railroad Conductors and Yardmasters,46490.0,46490.0,71130.0,3.1,High school diploma or equivalent,0.0,11.17226446772756,10.74699251468463,6.668100666810066e-05,1.0,-0.4662731,-0.4445670426654667,0.2183268245887905,-0.3221030567565595,-0.1392449532056312,Lower-middle,
53-4041,-0.6155429,Subway and Streetcar Operators,14860.0,14860.0,84270.0,0.9,High school diploma or equivalent,0.0,11.3417812087664,9.60642831827175,6.056527590847914e-05,1.0,-0.6155429,-0.5926126250690206,0.6544867790893164,-0.3981795409916468,-0.149402770471386,Lower-middle,
53-5011,-1.150001,Sailors and Marine Oilers,29960.0,29960.0,48400.0,3.9,No formal educational credential,0.0,10.787255092704724,10.307618437631156,0.000130173564753,0.0,-0.0,-1.1226874338032509,-0.5361568714383748,-0.3618610170602583,-0.0337880866247872,Low,Faster than average
53-5021,-0.4281868,"Captains, Mates, and Pilots of Water Vessels",34520.0,34520.0,88730.0,4.3,Postsecondary nondegree award,0.0,11.393353329829385,10.449294145197364,0.0001245654692931,2.0,-0.8563736,-0.4067931026916979,0.8025288945438328,-0.3508933038730311,-0.0431027558162569,Lower-middle,
53-5022,-0.8871186,Motorboat Operators,2710.0,2710.0,46420.0,0.3,Postsecondary nondegree award,0.0,10.745485679828429,7.904703913873747,0.000110701107011,2.0,-1.7742372,-0.8619610309297695,-0.601879604308317,-0.4274027241549826,-0.0661305286373812,Low,Slower than average
53-5031,-0.5264951,Ship Engineers,8860.0,8860.0,94270.0,1.1,Postsecondary nondegree award,0.0,11.453918284390197,9.089302043599126,0.0001241534988713,2.0,-1.0529902,-0.5042951394640611,0.986419773381954,-0.412610742553788,-0.0437870109655336,Lower-middle,Slower than average
53-6011,-0.6322159,Bridge and Lock Tenders,3460.0,3460.0,49120.0,0.3,High school diploma or equivalent,0.0,10.802021562821023,8.14902386805177,8.670520231213873e-05,1.0,-0.6322159,-0.60914888354471,-0.5122576958493049,-0.425598823959715,-0.1059861116639461,Lower-middle,
53-6021,-0.8353891,Parking Attendants,118130.0,118130.0,32840.0,18.5,No formal educational credential,0.0,10.399402563566364,11.679540991942565,0.0001566071277406,0.0,-0.0,-0.8106557839545298,-1.052644610557719,-0.1497945101045943,0.0101162827898806,Lower-middle,Faster than average
53-6031,-1.221489,Automotive and Watercraft Service Attendants,92530.0,92530.0,33820.0,14.4,No formal educational credential,0.0,10.428807622452572,11.435288195243077,0.0001556252026369,0.0,-0.0,-1.1935891339118143,-1.0201151771170405,-0.2113676367697298,0.008485371266223,Low,
53-6041,0.3995872,Traffic Technicians,7530.0,7530.0,52240.0,0.8,High school diploma or equivalent,0.0,10.863603763950312,8.92665032079394,0.0001062416998671,1.0,0.3995872,0.4141920123718939,-0.4086946016300019,-0.4158096589000626,-0.0735373038309738,Upper-middle,Faster than average
53-6051,-0.18376,Transportation Inspectors,27670.0,27670.0,87290.0,2.5,High school diploma or equivalent,0.0,11.376991187729397,10.228104072780972,9.035056017347308e-05,1.0,-0.18376,-0.1643709385229447,0.754730543365693,-0.3673689256564755,-0.0999314175514785,Lower-middle,
53-6061,-0.3752249,Passenger Attendants,20190.0,20190.0,35620.0,4.1,High school diploma or equivalent,0.0,10.480662556843653,9.912942711306885,0.0002030708271421,1.0,-0.3752249,-0.3542655630909295,-0.9603672381443658,-0.3853598236039448,0.0872893609652282,Lower-middle,
53-7011,-0.7554432,Conveyor Operators and Tenders,24660.0,24660.0,39260.0,2.6,No formal educational credential,0.0,10.577961467830452,10.112937776718336,0.0001054339010543,0.0,-0.0,-0.7313655502550388,-0.8395436282218456,-0.3746085784401496,-0.0748790033025545,Lower-middle,Slower than average
53-7021,-1.030619,Crane and Tower Operators,42260.0,42260.0,64690.0,3.8,High school diploma or equivalent,0.0,11.07736190903803,10.651596291170048,8.991954566966399e-05,1.0,-1.030619,-1.0042845303458798,0.0045619762643319,-0.332277053857869,-0.1006473036394484,Low,
53-7031,-1.016648,Dredge Operators,940.0,940.0,50440.0,0.1,High school diploma or equivalent,0.0,10.828539790078857,6.84587987526405,0.0001063829787234,1.0,-1.016648,-0.9904281117551132,-0.4684425406026767,-0.4316599286158142,-0.0733026491574335,Low,Slower than average
53-7041,-0.9781997,Hoist and Winch Operators,2230.0,2230.0,55950.0,0.3,No formal educational credential,0.0,10.93221371374007,7.709756864454165,0.000134529147982,0.0,-0.0,-0.9522951406790712,-0.2855474607474333,-0.4285572202799539,-0.0265537559674148,Low,
53-7051,-1.39869,Industrial Truck and Tractor Operators,778920.0,778920.0,44470.0,76.4,No formal educational credential,0.0,10.702570083504742,13.565663623815514,9.808452729420224e-05,0.0,-0.0,-1.369336842071751,-0.6666065381953814,1.4395377699366123,-0.0870858185806395,Low,
53-7061,-1.629897,Cleaners of Vehicles and Equipment,365290.0,365290.0,34150.0,56.2,No formal educational credential,0.0,10.438517864998936,12.808446837648209,0.000153850365463,0.0,-0.0,-1.5986476267768854,-1.0091613883053834,0.4446747862452061,0.0055374861486769,Low,
53-7062,-1.709183,"Laborers and Freight, Stock, and Material Movers, Hand",3008300.0,3008300.0,37660.0,384.3,No formal educational credential,0.0,10.536353802211144,14.916885693121312,0.000127746567829,0.0,-0.0,-1.6772833725636969,-0.8926529073086676,6.801643126370979,-0.0378191652035378,Low,
53-7063,-1.037413,Machine Feeders and Offbearers,44500.0,44500.0,39250.0,4.7,No formal educational credential,0.0,10.577706723210554,10.703244468154333,0.000105617977528,0.0,-0.0,-1.0110228102045635,-0.8398755612161383,-0.3268894052746696,-0.0745732646661137,Low,
53-7064,-1.51362,"Packers and Packagers, Hand",645210.0,645210.0,34830.0,74.0,No formal educational credential,0.0,10.458234363360049,13.377331124183137,0.0001146913408037,0.0,-0.0,-1.483324258050338,-0.986589944693484,1.1179384431242971,-0.0595030188095309,Low,
53-7071,-0.6909992,Gas Compressor and Gas Pumping Station Operators,4400.0,4400.0,61870.0,0.6,High school diploma or equivalent,0.0,11.032790688525036,8.389359819906353,0.0001363636363636,1.0,-0.6909992,-0.667450079661425,-0.0890431281261919,-0.4233379357149796,-0.0235067942078805,Lower-middle,
53-7072,-0.8422927,"Pump Operators, Except Wellhead Pumpers",11570.0,11570.0,54690.0,1.5,High school diploma or equivalent,0.0,10.90943615634082,9.356170820187725,0.0001296456352636,1.0,-0.8422927,-0.8175027649425205,-0.3273710180283057,-0.4060926498482209,-0.0346649419824241,Lower-middle,
53-7073,-1.091197,Wellhead Pumpers,18230.0,18230.0,71830.0,2.0,High school diploma or equivalent,0.0,11.182057495068848,9.810823867672708,0.0001097092704333,1.0,-1.091197,-1.064365707454997,0.2415621341892752,-0.3900740161142442,-0.0677779024525391,Low,
53-7081,-1.283373,Refuse and Recyclable Material Collectors,135430.0,135430.0,45760.0,16.9,No formal educational credential,0.0,10.73116562605368,11.816210180649415,0.0001247877132097,0.0,-0.0,-1.254965600025265,-0.6237871819316312,-0.1081845456004207,-0.0427336236254998,Low,
53-7121,-1.38776,"Tank Car, Truck, and Ship Loaders",11400.0,11400.0,58620.0,1.3,No formal educational credential,0.0,10.978831214264885,9.341368634382588,0.0001140350877192,0.0,-0.0,-1.3584964830998036,-0.1969213512712991,-0.4065015338924815,-0.0605930110237332,Low,
