fold,r_squared
1,-0.49566848925454754
2,0.24141134321628932
3,0.25926449956128494
4,-0.20597403443038886
5,0.16233280951391516
