fold,r_squared
1,-0.4956684892545451
2,0.2414113432162852
3,0.25926449956128483
4,-0.20597403443039353
5,0.16233280951391493
